class,Column1,Column2,Column3,Column4,Column5,Column6,Column7,Column8,Column9,Column10,Column11,Column12,Column13,Column14,Column15,Column16,Column17,Column18,Column19,Column20
1,0.042410714,0.091517857,0.040178571,0.015625,0.015625,0.022321429,0.022321429,0.082589286,0.120535714,0.073660714,0.053571429,0.053571429,0.017857143,0.035714286,0.111607143,0.033482143,0.022321429,0.060267857,0.020089286,0.064732143
1,0.05027933,0.173184358,0.089385475,0.005586592,0.044692737,0,0.033519553,0.078212291,0.072625698,0.027932961,0.05027933,0.044692737,0.022346369,0.011173184,0.039106145,0.089385475,0.022346369,0.078212291,0.022346369,0.044692737
1,0.081196581,0.054131054,0.062678063,0.042735043,0.032763533,0.008547009,0.02991453,0.082621083,0.081196581,0.045584046,0.054131054,0.054131054,0.00997151,0.021367521,0.061253561,0.05982906,0.038461538,0.091168091,0.031339031,0.056980057
1,0.095238095,0.05764411,0.077694236,0.037593985,0.027568922,0.002506266,0.025062657,0.090225564,0.07518797,0.042606516,0.047619048,0.077694236,0.002506266,0.025062657,0.050125313,0.062656642,0.01754386,0.082706767,0.030075188,0.072681704
1,0.056856187,0.140468227,0.073578595,0.040133779,0.010033445,0.006688963,0.016722408,0.070234114,0.086956522,0.040133779,0.056856187,0.036789298,0.016722408,0.013377926,0.08361204,0.043478261,0.036789298,0.08361204,0.023411371,0.063545151
1,0.113402062,0.103092784,0.06185567,0.030927835,0.010309278,0.010309278,0,0.06185567,0.154639175,0.020618557,0.041237113,0.030927835,0.010309278,0,0.051546392,0.041237113,0.134020619,0.06185567,0.010309278,0.051546392
1,0.113095238,0.071428571,0.113095238,0.011904762,0.047619048,0,0,0.095238095,0.041666667,0.047619048,0.05952381,0.05952381,0,0.011904762,0.017857143,0.101190476,0.005952381,0.101190476,0.023809524,0.077380952
1,0.090032154,0.147909968,0.038585209,0.012861736,0.041800643,0.006430868,0.01607717,0.048231511,0.090032154,0.057877814,0.090032154,0.061093248,0.009646302,0.038585209,0.073954984,0.019292605,0.048231511,0.064308682,0.012861736,0.032154341
1,0.080229226,0.091690544,0.068767908,0.06017192,0.020057307,0.00286533,0.011461318,0.077363897,0.114613181,0.06017192,0.068767908,0.042979943,0.005730659,0.028653295,0.06017192,0.045845272,0.034383954,0.054441261,0.025787966,0.045845272
1,0.097222222,0.087962963,0.050925926,0.013888889,0.023148148,0.013888889,0.018518519,0.055555556,0.111111111,0.083333333,0.055555556,0.041666667,0.032407407,0.050925926,0.069444444,0.018518519,0.027777778,0.055555556,0.013888889,0.078703704
1,0.048076923,0.125,0.067307692,0.048076923,0.048076923,0,0.048076923,0.067307692,0.076923077,0.019230769,0.115384615,0.028846154,0.009615385,0.048076923,0.067307692,0.028846154,0.009615385,0.057692308,0.048076923,0.038461538
1,0.054711246,0.060790274,0.036474164,0.03343465,0.054711246,0.021276596,0.051671733,0.103343465,0.079027356,0.05775076,0.048632219,0.051671733,0.012158055,0.030395137,0.045592705,0.063829787,0.027355623,0.060790274,0.042553191,0.063829787
1,0.080906149,0.084142395,0.077669903,0.009708738,0.025889968,0.006472492,0.003236246,0.087378641,0.158576052,0.045307443,0.048543689,0.055016181,0.003236246,0.019417476,0.048543689,0.029126214,0.045307443,0.074433657,0.055016181,0.042071197
1,0.059907834,0.076036866,0.046082949,0.023041475,0.043778802,0.01843318,0.039170507,0.080645161,0.129032258,0.039170507,0.057603687,0.062211982,0.011520737,0.01843318,0.036866359,0.048387097,0.066820276,0.062211982,0.02764977,0.052995392
1,0.134020619,0.072164948,0.103092784,0.020618557,0.010309278,0,0.010309278,0.103092784,0.072164948,0.020618557,0.06185567,0.030927835,0,0.010309278,0.051546392,0.082474227,0,0.103092784,0.051546392,0.06185567
1,0.084175084,0.114478114,0.047138047,0.03030303,0.037037037,0.01010101,0.01010101,0.050505051,0.087542088,0.070707071,0.057239057,0.050505051,0.013468013,0.033670034,0.074074074,0.037037037,0.043771044,0.080808081,0.026936027,0.04040404
1,0.078125,0.1171875,0.046875,0.046875,0.046875,0.0078125,0.015625,0.078125,0.125,0.0234375,0.03125,0.0390625,0,0,0.03125,0.0859375,0.015625,0.0859375,0.0625,0.0625
1,0.054054054,0.108108108,0.060810811,0.013513514,0.027027027,0,0.027027027,0.074324324,0.067567568,0.013513514,0.033783784,0.047297297,0.027027027,0.081081081,0.054054054,0.060810811,0.033783784,0.094594595,0.040540541,0.081081081
1,0.064039409,0.137931034,0.024630542,0.024630542,0.02955665,0.014778325,0.024630542,0.064039409,0.068965517,0.02955665,0.054187192,0.093596059,0.014778325,0.02955665,0.044334975,0.054187192,0.054187192,0.078817734,0.034482759,0.0591133
1,0.069053708,0.066496164,0.061381074,0.040920716,0.025575448,0.012787724,0.007672634,0.125319693,0.163682864,0.035805627,0.051150895,0.046035806,0.012787724,0.015345269,0.046035806,0.046035806,0.035805627,0.051150895,0.035805627,0.051150895
1,0.108374384,0.044334975,0.083743842,0.034482759,0.039408867,0.009852217,0.044334975,0.078817734,0.039408867,0.0591133,0.0591133,0.0591133,0.009852217,0.039408867,0.049261084,0.049261084,0,0.068965517,0.078817734,0.044334975
1,0.04516129,0.106451613,0.058064516,0.025806452,0.05483871,0.022580645,0.035483871,0.064516129,0.058064516,0.064516129,0.074193548,0.032258065,0.012903226,0.025806452,0.093548387,0.025806452,0.048387097,0.061290323,0.038709677,0.051612903
1,0.113138686,0.076642336,0.040145985,0.032846715,0.051094891,0.003649635,0.02189781,0.094890511,0.087591241,0.051094891,0.025547445,0.04379562,0.02189781,0.032846715,0.076642336,0.025547445,0.03649635,0.065693431,0.040145985,0.058394161
1,0.048780488,0.09380863,0.067542214,0.026266417,0.04315197,0.020637899,0.028142589,0.060037523,0.097560976,0.045028143,0.039399625,0.061913696,0.009380863,0.022514071,0.058161351,0.048780488,0.046904315,0.071294559,0.046904315,0.063789869
1,0.056653491,0.08168643,0.057971014,0.040843215,0.039525692,0.009222661,0.044795784,0.075098814,0.084321476,0.039525692,0.04743083,0.063241107,0.006587615,0.018445323,0.050065876,0.065876153,0.039525692,0.063241107,0.046113307,0.069828722
1,0.097959184,0.07755102,0.044897959,0.036734694,0.044897959,0.020408163,0.032653061,0.093877551,0.036734694,0.024489796,0.032653061,0.053061224,0.024489796,0.044897959,0.057142857,0.069387755,0.020408163,0.081632653,0.036734694,0.069387755
1,0.090909091,0.113263785,0.059612519,0.032786885,0.023845007,0.001490313,0.010432191,0.068554396,0.101341282,0.034277198,0.059612519,0.047690015,0.004470939,0.019374069,0.052160954,0.037257824,0.047690015,0.098360656,0.035767511,0.061102832
1,0.091525424,0.118644068,0.044067797,0.020338983,0.033898305,0,0.023728814,0.077966102,0.138983051,0.054237288,0.050847458,0.050847458,0,0.023728814,0.105084746,0.020338983,0.044067797,0.061016949,0.006779661,0.033898305
1,0.08,0.143333333,0.04,0.036666667,0.043333333,0.006666667,0.02,0.043333333,0.08,0.056666667,0.04,0.07,0.02,0.05,0.076666667,0.013333333,0.043333333,0.043333333,0.036666667,0.056666667
1,0.130612245,0.102040816,0.057142857,0.004081633,0.016326531,0.012244898,0.024489796,0.114285714,0.097959184,0.036734694,0.040816327,0.044897959,0.012244898,0.016326531,0.057142857,0.040816327,0.057142857,0.044897959,0.020408163,0.069387755
1,0.064655172,0.105172414,0.056896552,0.031896552,0.043103448,0.006896552,0.03362069,0.081034483,0.087931034,0.046551724,0.039655172,0.038793103,0.010344828,0.020689655,0.067241379,0.05,0.034482759,0.079310345,0.027586207,0.074137931
1,0.048582996,0.129554656,0.048582996,0.032388664,0.020242915,0.032388664,0.016194332,0.085020243,0.101214575,0.052631579,0.04048583,0.044534413,0.016194332,0.024291498,0.060728745,0.052631579,0.028340081,0.064777328,0.04048583,0.060728745
1,0.059221658,0.069373942,0.057529611,0.03891709,0.028764805,0.023688663,0.028764805,0.089678511,0.108291032,0.03891709,0.059221658,0.055837563,0.020304569,0.027072758,0.054145516,0.042301184,0.035532995,0.067681895,0.040609137,0.054145516
1,0.071057192,0.102253033,0.045060659,0.03812825,0.032928943,0.008665511,0.039861352,0.067590988,0.114384749,0.032928943,0.027729636,0.050259965,0.006932409,0.024263432,0.055459272,0.057192374,0.046793761,0.083188908,0.032928943,0.062391681
1,0.082236842,0.098684211,0.055921053,0.006578947,0.039473684,0.023026316,0.016447368,0.072368421,0.118421053,0.075657895,0.055921053,0.032894737,0.023026316,0.023026316,0.049342105,0.032894737,0.0625,0.049342105,0.023026316,0.059210526
1,0.048275862,0.120689655,0.048275862,0.034482759,0.044827586,0.017241379,0.024137931,0.05862069,0.089655172,0.055172414,0.086206897,0.068965517,0.013793103,0.034482759,0.068965517,0.024137931,0.048275862,0.044827586,0.024137931,0.044827586
1,0.05988024,0.105788423,0.051896208,0.01996008,0.02994012,0.023952096,0.043912176,0.081836327,0.081836327,0.03992016,0.05988024,0.0499002,0.005988024,0.02994012,0.077844311,0.0499002,0.031936128,0.065868263,0.025948104,0.063872255
1,0.058823529,0.101604278,0.050802139,0.018716578,0.032085561,0.053475936,0.018716578,0.07486631,0.082887701,0.069518717,0.058823529,0.042780749,0.013368984,0.029411765,0.06684492,0.029411765,0.069518717,0.061497326,0.018716578,0.048128342
1,0.061452514,0.100558659,0.078212291,0.022346369,0.039106145,0.016759777,0.033519553,0.05027933,0.061452514,0.022346369,0.055865922,0.033519553,0.016759777,0.033519553,0.044692737,0.055865922,0.089385475,0.078212291,0.061452514,0.044692737
1,0.077803204,0.128146453,0.032036613,0.027459954,0.029748284,0.006864989,0.020594966,0.091533181,0.118993135,0.038901602,0.04805492,0.054919908,0.016018307,0.022883295,0.050343249,0.034324943,0.034324943,0.061784897,0.04805492,0.057208238
1,0.0675,0.105,0.0625,0.025,0.0325,0.0025,0.0325,0.09,0.105,0.03,0.0625,0.0525,0.015,0.0375,0.0375,0.0575,0.02,0.0725,0.045,0.0475
1,0.093663912,0.093663912,0.066115702,0.013774105,0.035812672,0.005509642,0.022038567,0.071625344,0.112947658,0.041322314,0.055096419,0.044077135,0.011019284,0.024793388,0.038567493,0.044077135,0.055096419,0.049586777,0.060606061,0.060606061
1,0.06185567,0.111340206,0.045360825,0.032989691,0.039175258,0.016494845,0.028865979,0.068041237,0.094845361,0.055670103,0.06185567,0.032989691,0.012371134,0.018556701,0.055670103,0.07628866,0.026804124,0.086597938,0.022680412,0.051546392
1,0.073891626,0.137931034,0.054187192,0.004926108,0.034482759,0.009852217,0.044334975,0.044334975,0.064039409,0.0591133,0.073891626,0.049261084,0.014778325,0.034482759,0.034482759,0.073891626,0.039408867,0.049261084,0.034482759,0.068965517
1,0.070512821,0.121794872,0.057692308,0.025641026,0.044871795,0,0.019230769,0.064102564,0.102564103,0.032051282,0.064102564,0.064102564,0.006410256,0.006410256,0.032051282,0.070512821,0.044871795,0.076923077,0.038461538,0.057692308
1,0.057636888,0.106628242,0.031700288,0.031700288,0.023054755,0.031700288,0.04610951,0.069164265,0.097982709,0.054755043,0.050432277,0.047550432,0.015850144,0.024495677,0.057636888,0.051873199,0.050432277,0.05907781,0.030259366,0.061959654
1,0.033962264,0.090566038,0.124528302,0.045283019,0.052830189,0.003773585,0.045283019,0.030188679,0.037735849,0.00754717,0.105660377,0.052830189,0.011320755,0.01509434,0.049056604,0.083018868,0.026415094,0.067924528,0.079245283,0.037735849
1,0.081081081,0.081081081,0.064864865,0.027027027,0.016216216,0,0.010810811,0.032432432,0.102702703,0.043243243,0.07027027,0.048648649,0.005405405,0,0.091891892,0.086486486,0.032432432,0.075675676,0.027027027,0.102702703
1,0.082352941,0.105882353,0.023529412,0.023529412,0.047058824,0,0,0.070588235,0.105882353,0.023529412,0.070588235,0.117647059,0,0.023529412,0.011764706,0.082352941,0.070588235,0.105882353,0.023529412,0.011764706
1,0.07712766,0.125,0.039893617,0.021276596,0.02393617,0.005319149,0.005319149,0.090425532,0.143617021,0.018617021,0.050531915,0.066489362,0,0.018617021,0.039893617,0.042553191,0.061170213,0.061170213,0.045212766,0.063829787
1,0.055555556,0.12962963,0.080246914,0.012345679,0.024691358,0,0.00617284,0.049382716,0.104938272,0.024691358,0.067901235,0.061728395,0.018518519,0.024691358,0.049382716,0.049382716,0.061728395,0.080246914,0.049382716,0.049382716
1,0.101075269,0.077419355,0.03655914,0.019354839,0.060215054,0.015053763,0.034408602,0.068817204,0.088172043,0.040860215,0.051612903,0.049462366,0.008602151,0.017204301,0.07311828,0.040860215,0.027956989,0.079569892,0.043010753,0.066666667
1,0.094339623,0.122641509,0.066037736,0.037735849,0.018867925,0,0.037735849,0.066037736,0.132075472,0.056603774,0.047169811,0.018867925,0.009433962,0.009433962,0.018867925,0.094339623,0.037735849,0.075471698,0.028301887,0.028301887
1,0.096885813,0.100346021,0.055363322,0.031141869,0.027681661,0.003460208,0.024221453,0.065743945,0.14532872,0.034602076,0.048442907,0.034602076,0.006920415,0.024221453,0.069204152,0.034602076,0.017301038,0.079584775,0.038062284,0.062283737
1,0.081743869,0.103542234,0.073569482,0.024523161,0.013623978,0.005449591,0.016348774,0.103542234,0.119891008,0.032697548,0.051771117,0.046321526,0.005449591,0.029972752,0.073569482,0.027247956,0.038147139,0.054495913,0.035422343,0.0626703
1,0.088607595,0.126582278,0.025316456,0.025316456,0.03164557,0,0.025316456,0.075949367,0.088607595,0.050632911,0.044303797,0.044303797,0.012658228,0.094936709,0.063291139,0.018987342,0.03164557,0.063291139,0.018987342,0.069620253
1,0.081871345,0.116959064,0.035087719,0.040935673,0.058479532,0.01754386,0.029239766,0.140350877,0.058479532,0.040935673,0.023391813,0.046783626,0.011695906,0.011695906,0.052631579,0.064327485,0.023391813,0.052631579,0.023391813,0.070175439
1,0.072649573,0.061965812,0.055555556,0.040598291,0.055555556,0.004273504,0.034188034,0.072649573,0.10042735,0.051282051,0.068376068,0.044871795,0.006410256,0.027777778,0.040598291,0.053418803,0.019230769,0.072649573,0.036324786,0.081196581
1,0.062809917,0.094214876,0.034710744,0.026446281,0.042975207,0.036363636,0.034710744,0.074380165,0.084297521,0.061157025,0.042975207,0.038016529,0.011570248,0.036363636,0.066115702,0.031404959,0.067768595,0.044628099,0.034710744,0.074380165
1,0.133333333,0.115151515,0.084848485,0.018181818,0.03030303,0,0.03030303,0.090909091,0.084848485,0.024242424,0.036363636,0.072727273,0,0.006060606,0.036363636,0.042424242,0.042424242,0.060606061,0.036363636,0.054545455
1,0.068106312,0.096345515,0.061461794,0.018272425,0.03986711,0.009966777,0.031561462,0.096345515,0.074750831,0.048172757,0.049833887,0.046511628,0.028239203,0.009966777,0.079734219,0.051495017,0.031561462,0.069767442,0.021594684,0.066445183
1,0.081339713,0.090909091,0.066985646,0.023923445,0.038277512,0.009569378,0.019138756,0.066985646,0.086124402,0.081339713,0.04784689,0.043062201,0.043062201,0.023923445,0.052631579,0.04784689,0,0.071770335,0.033492823,0.071770335
1,0.056603774,0.094339623,0.08490566,0.018867925,0.047169811,0.018867925,0.047169811,0.028301887,0.047169811,0.028301887,0.056603774,0.066037736,0,0.037735849,0.122641509,0.037735849,0.08490566,0.028301887,0.009433962,0.08490566
1,0.065371025,0.113074205,0.067137809,0.026501767,0.026501767,0.003533569,0.01590106,0.068904594,0.083038869,0.033568905,0.067137809,0.054770318,0.008833922,0.019434629,0.056537102,0.060070671,0.049469965,0.068904594,0.044169611,0.067137809
1,0.063492063,0.100529101,0.074074074,0.026455026,0.026455026,0.010582011,0.010582011,0.042328042,0.116402116,0.047619048,0.079365079,0.068783069,0.015873016,0.042328042,0.047619048,0.021164021,0.047619048,0.063492063,0.047619048,0.047619048
1,0.069256757,0.130067568,0.057432432,0.028716216,0.032094595,0.006756757,0.011824324,0.060810811,0.14527027,0.055743243,0.027027027,0.033783784,0.003378378,0.032094595,0.089527027,0.018581081,0.033783784,0.077702703,0.011824324,0.074324324
1,0.025,0.1,0.108333333,0.05,0.041666667,0,0.020833333,0.0625,0.054166667,0.025,0.083333333,0.066666667,0.020833333,0.029166667,0.058333333,0.058333333,0.054166667,0.066666667,0.029166667,0.045833333
1,0.083333333,0.092592593,0.064814815,0.018518519,0.055555556,0.018518519,0.018518519,0.064814815,0.055555556,0.037037037,0.083333333,0.009259259,0.027777778,0.027777778,0.055555556,0.055555556,0.064814815,0.074074074,0.009259259,0.083333333
1,0.037617555,0.122257053,0.037617555,0.031347962,0.043887147,0.015673981,0.056426332,0.065830721,0.10031348,0.059561129,0.040752351,0.059561129,0.02507837,0.018808777,0.056426332,0.02507837,0.059561129,0.053291536,0.02507837,0.065830721
1,0.040462428,0.072254335,0.092485549,0.014450867,0.080924855,0.005780347,0.043352601,0.080924855,0.057803468,0.037572254,0.049132948,0.040462428,0.002890173,0.023121387,0.037572254,0.063583815,0.043352601,0.072254335,0.049132948,0.092485549
1,0.09178744,0.111111111,0.062801932,0.014492754,0.024154589,0.019323671,0.014492754,0.077294686,0.096618357,0.048309179,0.028985507,0.048309179,0.004830918,0.024154589,0.082125604,0.028985507,0.086956522,0.072463768,0.019323671,0.043478261
1,0.064444444,0.091111111,0.06,0.024444444,0.024444444,0.013333333,0.024444444,0.097777778,0.102222222,0.031111111,0.086666667,0.064444444,0.011111111,0.022222222,0.051111111,0.042222222,0.037777778,0.068888889,0.031111111,0.051111111
1,0.068181818,0.113636364,0.015151515,0.007575758,0.075757576,0.03030303,0.022727273,0.045454545,0.053030303,0.060606061,0.037878788,0.060606061,0.022727273,0.022727273,0.068181818,0.083333333,0.015151515,0.113636364,0.022727273,0.060606061
1,0.043771044,0.121212121,0.101010101,0.016835017,0.063973064,0,0.033670034,0.053872054,0.047138047,0.037037037,0.063973064,0.077441077,0.02020202,0.023569024,0.053872054,0.070707071,0.043771044,0.057239057,0.043771044,0.026936027
1,0.060518732,0.097982709,0.054755043,0.031700288,0.028818444,0.011527378,0.023054755,0.054755043,0.135446686,0.057636888,0.04610951,0.057636888,0.025936599,0.028818444,0.043227666,0.054755043,0.043227666,0.07204611,0.017291066,0.054755043
1,0.080684597,0.085574572,0.061124694,0.036674817,0.036674817,0.004889976,0.026894866,0.100244499,0.080684597,0.046454768,0.034229829,0.053789731,0.007334963,0.036674817,0.036674817,0.063569682,0.036674817,0.078239609,0.036674817,0.056234719
1,0.095588235,0.091911765,0.051470588,0.036764706,0.029411765,0.022058824,0.040441176,0.088235294,0.058823529,0.051470588,0.036764706,0.051470588,0.029411765,0.029411765,0.0625,0.044117647,0.033088235,0.047794118,0.029411765,0.069852941
1,0.036585366,0.195121951,0.036585366,0.012195122,0.030487805,0.024390244,0.024390244,0.067073171,0.048780488,0.079268293,0.067073171,0.067073171,0.012195122,0.006097561,0.085365854,0.042682927,0.036585366,0.085365854,0.006097561,0.036585366
1,0.070850202,0.074898785,0.05465587,0.020242915,0.050607287,0.028340081,0.046558704,0.074898785,0.070850202,0.04048583,0.030364372,0.048582996,0.016194332,0.030364372,0.042510121,0.042510121,0.04048583,0.066801619,0.05465587,0.0951417
1,0.064748201,0.118705036,0.039568345,0.021582734,0.053956835,0.017985612,0.021582734,0.057553957,0.068345324,0.043165468,0.053956835,0.043165468,0.014388489,0.064748201,0.082733813,0.014388489,0.064748201,0.057553957,0.039568345,0.057553957
1,0.058823529,0.104411765,0.029411765,0.026470588,0.052941176,0.022058824,0.035294118,0.058823529,0.117647059,0.041176471,0.045588235,0.047058824,0.005882353,0.027941176,0.072058824,0.025,0.060294118,0.070588235,0.035294118,0.063235294
1,0.094405594,0.094405594,0.06993007,0.048951049,0.027972028,0.003496503,0.01048951,0.076923077,0.062937063,0.013986014,0.08041958,0.052447552,0.013986014,0.034965035,0.062937063,0.066433566,0.020979021,0.087412587,0.034965035,0.041958042
1,0.104895105,0.118881119,0.062937063,0.034965035,0.006993007,0.006993007,0.041958042,0.048951049,0.062937063,0.027972028,0.083916084,0.048951049,0.006993007,0.048951049,0.027972028,0.055944056,0.027972028,0.062937063,0.034965035,0.083916084
1,0.041420118,0.102564103,0.053254438,0.025641026,0.051282051,0.009861933,0.017751479,0.07495069,0.142011834,0.037475345,0.051282051,0.049309665,0.003944773,0.033530572,0.049309665,0.057199211,0.037475345,0.069033531,0.033530572,0.059171598
1,0.06147541,0.094262295,0.049180328,0.030737705,0.032786885,0.004098361,0.014344262,0.079918033,0.12704918,0.047131148,0.06147541,0.067622951,0.008196721,0.026639344,0.069672131,0.055327869,0.032786885,0.055327869,0.043032787,0.038934426
1,0.050816697,0.08892922,0.038112523,0.029038113,0.043557169,0.041742287,0.043557169,0.070780399,0.070780399,0.052631579,0.047186933,0.052631579,0.00907441,0.034482759,0.061705989,0.032667877,0.052631579,0.059891107,0.052631579,0.067150635
1,0.054347826,0.09057971,0.108695652,0.032608696,0.06884058,0.014492754,0.047101449,0.036231884,0.028985507,0.003623188,0.126811594,0.039855072,0.014492754,0.003623188,0.043478261,0.086956522,0.014492754,0.057971014,0.072463768,0.054347826
1,0.070422535,0.056338028,0.0657277,0.046948357,0.042253521,0.009389671,0.014084507,0.079812207,0.107981221,0.018779343,0.018779343,0.061032864,0.009389671,0.03286385,0.056338028,0.098591549,0.023474178,0.107981221,0.018779343,0.061032864
1,0.062992126,0.091863517,0.049868766,0.031496063,0.052493438,0.028871391,0.041994751,0.06824147,0.076115486,0.034120735,0.060367454,0.023622047,0.020997375,0.020997375,0.062992126,0.049868766,0.041994751,0.05511811,0.049868766,0.076115486
1,0.096774194,0.08797654,0.046920821,0.032258065,0.049853372,0.011730205,0.017595308,0.061583578,0.129032258,0.064516129,0.017595308,0.038123167,0,0.023460411,0.131964809,0.005865103,0.014662757,0.090909091,0.017595308,0.061583578
1,0.12755102,0.071428571,0.015306122,0.020408163,0.020408163,0,0.020408163,0.147959184,0.071428571,0.025510204,0.025510204,0.025510204,0.030612245,0.102040816,0.020408163,0.030612245,0.030612245,0.086734694,0.030612245,0.096938776
1,0.0657277,0.122065728,0.0657277,0.03286385,0.023474178,0.009389671,0.037558685,0.079812207,0.0657277,0.061032864,0.03286385,0.051643192,0.014084507,0.028169014,0.056338028,0.037558685,0.056338028,0.0657277,0.046948357,0.046948357
1,0.115303983,0.073375262,0.060796646,0.023060797,0.025157233,0.006289308,0.018867925,0.113207547,0.1278826,0.029350105,0.044025157,0.067085954,0.008385744,0.018867925,0.029350105,0.071278826,0.025157233,0.064989518,0.029350105,0.048218029
1,0.084745763,0.076271186,0.04519774,0.025423729,0.04519774,0.002824859,0.025423729,0.070621469,0.104519774,0.033898305,0.064971751,0.048022599,0.025423729,0.025423729,0.087570621,0.04519774,0.04519774,0.062146893,0.028248588,0.053672316
1,0.04691358,0.081481481,0.071604938,0.041975309,0.041975309,0.017283951,0.041975309,0.088888889,0.091358025,0.059259259,0.034567901,0.054320988,0.017283951,0.022222222,0.037037037,0.049382716,0.039506173,0.079012346,0.039506173,0.044444444
1,0.079545455,0.095454545,0.056818182,0.018181818,0.038636364,0.013636364,0.034090909,0.068181818,0.090909091,0.059090909,0.084090909,0.052272727,0.013636364,0.015909091,0.070454545,0.045454545,0.031818182,0.054545455,0.029545455,0.047727273
1,0.06231454,0.106824926,0.03264095,0.014836795,0.050445104,0.020771513,0.017804154,0.065281899,0.097922849,0.038575668,0.059347181,0.06231454,0.017804154,0.023738872,0.074183976,0.038575668,0.03264095,0.083086053,0.050445104,0.050445104
1,0.09469697,0.056818182,0.113636364,0.022727273,0.037878788,0,0.034090909,0.117424242,0.068181818,0.026515152,0.075757576,0.03030303,0.011363636,0.022727273,0.034090909,0.053030303,0.03030303,0.060606061,0.083333333,0.026515152
1,0.114649682,0.057324841,0.031847134,0.031847134,0.044585987,0.031847134,0.063694268,0.063694268,0.063694268,0.063694268,0.025477707,0.050955414,0.012738854,0.01910828,0.01910828,0.063694268,0.044585987,0.095541401,0.044585987,0.057324841
1,0.076502732,0.076502732,0.071038251,0.038251366,0.027322404,0,0.016393443,0.071038251,0.054644809,0.054644809,0.027322404,0.027322404,0.010928962,0.005464481,0.076502732,0.103825137,0.06010929,0.109289617,0.032786885,0.06010929
1,0.054229935,0.062906725,0.060737527,0.036876356,0.023861171,0.032537961,0.039045553,0.075921909,0.082429501,0.047722343,0.028199566,0.043383948,0.045553145,0.028199566,0.056399132,0.062906725,0.039045553,0.09978308,0.032537961,0.047722343
1,0.079136691,0.064748201,0.071942446,0.021582734,0.057553957,0.021582734,0,0.064748201,0.071942446,0.057553957,0.043165468,0.043165468,0.043165468,0.014388489,0.064748201,0.050359712,0.021582734,0.064748201,0.057553957,0.086330935
1,0.086448598,0.079439252,0.063084112,0.023364486,0.030373832,0.004672897,0.028037383,0.093457944,0.107476636,0.028037383,0.070093458,0.051401869,0.007009346,0.01635514,0.039719626,0.060747664,0.023364486,0.070093458,0.049065421,0.067757009
1,0.061946903,0.090707965,0.059734513,0.026548673,0.044247788,0.006637168,0.033185841,0.068584071,0.117256637,0.057522124,0.050884956,0.053097345,0.015486726,0.026548673,0.075221239,0.028761062,0.039823009,0.07300885,0.019911504,0.050884956
1,0.078740157,0.078740157,0.05511811,0.039370079,0.047244094,0,0.031496063,0.031496063,0.086614173,0.023622047,0.086614173,0.015748031,0.007874016,0.007874016,0.05511811,0.086614173,0.031496063,0.133858268,0.062992126,0.039370079
1,0.088095238,0.071428571,0.054761905,0.023809524,0.028571429,0.007142857,0.05,0.09047619,0.10952381,0.042857143,0.047619048,0.038095238,0.014285714,0.030952381,0.030952381,0.071428571,0.038095238,0.061904762,0.047619048,0.052380952
1,0.044921875,0.091796875,0.0625,0.0234375,0.05859375,0.02734375,0.033203125,0.0703125,0.056640625,0.052734375,0.0703125,0.03515625,0.015625,0.025390625,0.056640625,0.056640625,0.048828125,0.052734375,0.041015625,0.076171875
1,0.077111383,0.105263158,0.064871481,0.030599755,0.029375765,0.003671971,0.020807834,0.066095471,0.075887393,0.052631579,0.035495716,0.053855569,0.003671971,0.019583843,0.068543452,0.093023256,0.030599755,0.085679315,0.023255814,0.05997552
1,0.069868996,0.122270742,0.061135371,0.013100437,0.034934498,0.021834061,0.008733624,0.096069869,0.109170306,0.065502183,0.026200873,0.065502183,0.004366812,0.021834061,0.052401747,0.030567686,0.030567686,0.074235808,0.056768559,0.034934498
1,0.111111111,0.103703704,0.051851852,0.02962963,0.022222222,0.022222222,0.007407407,0.051851852,0.140740741,0.037037037,0.059259259,0.022222222,0.044444444,0.044444444,0.014814815,0.007407407,0.066666667,0.074074074,0.037037037,0.051851852
1,0.115853659,0.091463415,0.067073171,0.024390244,0.030487805,0.012195122,0.018292683,0.042682927,0.079268293,0.042682927,0.030487805,0.06097561,0.012195122,0.018292683,0.06097561,0.054878049,0.067073171,0.036585366,0.054878049,0.079268293
1,0.104395604,0.071428571,0.082417582,0.027472527,0.043956044,0.005494505,0.021978022,0.076923077,0.076923077,0.032967033,0.049450549,0.054945055,0.016483516,0.010989011,0.093406593,0.038461538,0.021978022,0.076923077,0.016483516,0.076923077
1,0.08,0.12,0.08,0.02,0.04,0.006666667,0.02,0.033333333,0.08,0.046666667,0.046666667,0.06,0.013333333,0.04,0.033333333,0.046666667,0.066666667,0.073333333,0.033333333,0.06
1,0.074468085,0.074468085,0.138297872,0.042553191,0.021276596,0,0.010638298,0.085106383,0.074468085,0.031914894,0.031914894,0.063829787,0.042553191,0.031914894,0.031914894,0.053191489,0.042553191,0.074468085,0.042553191,0.031914894
1,0.071428571,0.071428571,0.066502463,0.024630542,0.027093596,0.002463054,0.022167488,0.071428571,0.162561576,0.036945813,0.044334975,0.083743842,0.014778325,0.019704433,0.041871921,0.04679803,0.041871921,0.044334975,0.036945813,0.068965517
1,0.08974359,0.102564103,0.069230769,0.015384615,0.028205128,0.002564103,0.017948718,0.102564103,0.094871795,0.053846154,0.064102564,0.066666667,0.015384615,0.025641026,0.041025641,0.038461538,0.023076923,0.053846154,0.030769231,0.064102564
1,0.066193853,0.108747045,0.030732861,0.01891253,0.047281324,0.009456265,0.028368794,0.061465721,0.082742317,0.04964539,0.044917258,0.035460993,0.011820331,0.023640662,0.066193853,0.056737589,0.073286052,0.087470449,0.042553191,0.054373522
1,0.097320169,0.073342736,0.074753173,0.028208745,0.026798307,0.002820874,0.016925247,0.088857546,0.104372355,0.039492243,0.046544429,0.059238364,0.002820874,0.016925247,0.063469676,0.045133992,0.039492243,0.086036671,0.028208745,0.059238364
1,0.063882064,0.122850123,0.044226044,0.036855037,0.044226044,0.007371007,0.024570025,0.058968059,0.115479115,0.049140049,0.036855037,0.039312039,0.002457002,0.024570025,0.081081081,0.046683047,0.056511057,0.068796069,0.01965602,0.056511057
1,0.044711014,0.106870229,0.063249727,0.017448201,0.057797165,0.020719738,0.033805889,0.050163577,0.07306434,0.028353326,0.066521265,0.042529989,0.018538713,0.020719738,0.034896401,0.098146129,0.028353326,0.092693566,0.042529989,0.058887677
1,0.053892216,0.115768463,0.069860279,0.025948104,0.069860279,0.001996008,0.031936128,0.057884232,0.053892216,0.037924152,0.037924152,0.037924152,0.007984032,0.017964072,0.0499002,0.087824351,0.01996008,0.107784431,0.051896208,0.061876248
1,0.113138686,0.054744526,0.087591241,0.01459854,0.025547445,0.010948905,0.040145985,0.105839416,0.080291971,0.025547445,0.062043796,0.054744526,0.018248175,0.010948905,0.051094891,0.062043796,0.025547445,0.083941606,0.02919708,0.04379562
1,0.030120482,0.114457831,0.072289157,0.036144578,0.048192771,0.006024096,0.036144578,0.030120482,0.042168675,0.018072289,0.072289157,0.084337349,0.012048193,0.036144578,0.060240964,0.072289157,0.054216867,0.072289157,0.048192771,0.054216867
1,0.078313253,0.13253012,0.060240964,0.024096386,0.024096386,0.012048193,0.024096386,0.036144578,0.060240964,0.036144578,0.072289157,0.036144578,0,0.018072289,0.120481928,0.030120482,0.030120482,0.090361446,0.054216867,0.060240964
1,0.053719008,0.064049587,0.041322314,0.02892562,0.066115702,0.01446281,0.037190083,0.070247934,0.07231405,0.059917355,0.049586777,0.041322314,0.004132231,0.039256198,0.066115702,0.059917355,0.037190083,0.070247934,0.049586777,0.074380165
1,0.079081633,0.119897959,0.068877551,0.020408163,0.017857143,0.007653061,0.020408163,0.066326531,0.102040816,0.056122449,0.040816327,0.071428571,0.007653061,0.030612245,0.038265306,0.053571429,0.040816327,0.051020408,0.045918367,0.06122449
1,0.112676056,0.084507042,0.056338028,0.023474178,0.042253521,0.009389671,0.004694836,0.084507042,0.136150235,0.0657277,0.051643192,0.051643192,0.014084507,0.018779343,0.051643192,0.018779343,0.051643192,0.042253521,0.023474178,0.056338028
1,0.064748201,0.091127098,0.052757794,0.011990408,0.014388489,0.002398082,0,0.067146283,0.18705036,0.014388489,0.074340528,0.079136691,0,0.014388489,0.059952038,0.045563549,0.055155875,0.098321343,0.028776978,0.038369305
1,0.081280788,0.051724138,0.066502463,0.034482759,0.02955665,0.002463054,0.032019704,0.108374384,0.128078818,0.027093596,0.071428571,0.066502463,0.017241379,0.022167488,0.036945813,0.04679803,0.014778325,0.071428571,0.044334975,0.04679803
1,0.066869301,0.100303951,0.036474164,0.036474164,0.066869301,0.009118541,0.027355623,0.05775076,0.05775076,0.048632219,0.039513678,0.051671733,0.003039514,0.030395137,0.060790274,0.066869301,0.039513678,0.097264438,0.054711246,0.048632219
1,0.048387097,0.086510264,0.060117302,0.027859238,0.063049853,0.013196481,0.032258065,0.055718475,0.104105572,0.039589443,0.052785924,0.04398827,0.014662757,0.023460411,0.041055718,0.079178886,0.029325513,0.080645161,0.04398827,0.060117302
1,0.083491461,0.091081594,0.055028463,0.022770398,0.04743833,0.007590133,0.026565465,0.072106262,0.072106262,0.036053131,0.037950664,0.064516129,0.009487666,0.020872865,0.05313093,0.068311195,0.043643264,0.077798861,0.043643264,0.066413662
1,0.047945205,0.123287671,0.089041096,0.01369863,0.054794521,0.01369863,0.047945205,0.075342466,0.054794521,0.02739726,0.04109589,0.034246575,0.02739726,0.006849315,0.04109589,0.061643836,0.061643836,0.089041096,0.068493151,0.020547945
1,0.080717489,0.058295964,0.094170404,0.01793722,0.02690583,0.00896861,0.01793722,0.085201794,0.112107623,0.013452915,0.058295964,0.089686099,0.031390135,0.00896861,0.00896861,0.080717489,0.040358744,0.067264574,0.058295964,0.040358744
1,0.077005348,0.075935829,0.065240642,0.011764706,0.027807487,0.004278075,0.018181818,0.04171123,0.068449198,0.054545455,0.073796791,0.045989305,0.004278075,0.022459893,0.097326203,0.056684492,0.044919786,0.109090909,0.052406417,0.048128342
1,0.1,0.078,0.068,0.018,0.036,0,0.024,0.082,0.088,0.034,0.074,0.058,0.016,0.028,0.052,0.06,0.024,0.066,0.04,0.054
1,0.03986711,0.166112957,0.07641196,0.013289037,0.03654485,0.013289037,0.023255814,0.03654485,0.066445183,0.043189369,0.043189369,0.03986711,0.009966777,0.033222591,0.03986711,0.049833887,0.073089701,0.073089701,0.066445183,0.053156146
1,0.023728814,0.142372881,0.077966102,0.016949153,0.040677966,0,0.023728814,0.06779661,0.115254237,0.027118644,0.057627119,0.050847458,0.010169492,0.030508475,0.033898305,0.054237288,0.074576271,0.071186441,0.016949153,0.06440678
1,0.067307692,0.067307692,0.057692308,0.019230769,0.057692308,0.019230769,0.048076923,0.096153846,0.038461538,0.067307692,0.057692308,0.028846154,0.028846154,0.009615385,0.019230769,0.115384615,0.019230769,0.086538462,0.019230769,0.076923077
1,0.089506173,0.086419753,0.067901235,0.021604938,0.040123457,0.00617284,0.037037037,0.061728395,0.086419753,0.046296296,0.067901235,0.077160494,0.00308642,0.033950617,0.058641975,0.046296296,0.037037037,0.052469136,0.024691358,0.055555556
1,0.096069869,0.087336245,0.048034934,0.052401747,0.03930131,0.013100437,0.021834061,0.065502183,0.043668122,0.061135371,0.03930131,0.056768559,0.004366812,0.030567686,0.096069869,0.030567686,0.030567686,0.104803493,0.021834061,0.056768559
1,0.034267913,0.076323988,0.140186916,0.020249221,0.057632399,0.017133956,0.048286604,0.042056075,0.020249221,0.021806854,0.073208723,0.028037383,0.018691589,0.034267913,0.051401869,0.101246106,0.03894081,0.065420561,0.066978193,0.043613707
1,0.049242424,0.106060606,0.060606061,0.026515152,0.053030303,0.026515152,0.03030303,0.071969697,0.041666667,0.053030303,0.034090909,0.060606061,0.018939394,0.041666667,0.049242424,0.045454545,0.060606061,0.045454545,0.041666667,0.083333333
1,0.0859375,0.0859375,0.05078125,0.02734375,0.0390625,0.015625,0.01171875,0.109375,0.12109375,0.03125,0.06640625,0.0546875,0.0078125,0.01171875,0.06640625,0.03125,0.03125,0.0546875,0.0390625,0.05859375
1,0.093939394,0.078787879,0.057575758,0.027272727,0.024242424,0.003030303,0.021212121,0.075757576,0.121212121,0.036363636,0.078787879,0.084848485,0,0.015151515,0.027272727,0.072727273,0.033333333,0.057575758,0.051515152,0.039393939
1,0.098236776,0.105793451,0.035264484,0.017632242,0.0302267,0.005037783,0.010075567,0.095717884,0.14861461,0.032745592,0.050377834,0.052896725,0.007556675,0.020151134,0.055415617,0.068010076,0.007556675,0.068010076,0.025188917,0.065491184
1,0.085714286,0.104761905,0.057142857,0.028571429,0.038095238,0.019047619,0.023809524,0.104761905,0.095238095,0.071428571,0.057142857,0.033333333,0,0.023809524,0.09047619,0.014285714,0.028571429,0.066666667,0.019047619,0.038095238
1,0.0625,0.067708333,0.104166667,0.026041667,0.036458333,0,0.026041667,0.098958333,0.114583333,0.015625,0.052083333,0.03125,0.015625,0.036458333,0.052083333,0.057291667,0.020833333,0.067708333,0.052083333,0.0625
1,0.056603774,0.101200686,0.056603774,0.024013722,0.061749571,0.015437393,0.042881647,0.048027444,0.080617496,0.056603774,0.039451115,0.046312178,0.015437393,0.032590051,0.087478559,0.034305317,0.041166381,0.080617496,0.018867925,0.060034305
1,0.042918455,0.13304721,0.0472103,0.021459227,0.021459227,0.008583691,0.025751073,0.08583691,0.072961373,0.021459227,0.051502146,0.051502146,0.017167382,0.021459227,0.08583691,0.060085837,0.0472103,0.081545064,0.0472103,0.055793991
1,0.047904192,0.101796407,0.077844311,0.023952096,0.047904192,0.011976048,0.041916168,0.041916168,0.05988024,0.011976048,0.083832335,0.023952096,0.005988024,0.05988024,0.005988024,0.083832335,0.047904192,0.101796407,0.071856287,0.047904192
1,0.084985836,0.067988669,0.056657224,0.036827195,0.050991501,0.008498584,0.033994334,0.076487252,0.09631728,0.050991501,0.042492918,0.045325779,0.016997167,0.011331445,0.042492918,0.07082153,0.031161473,0.076487252,0.033994334,0.065155807
1,0.060526316,0.126315789,0.026315789,0.023684211,0.034210526,0.002631579,0.026315789,0.076315789,0.086842105,0.084210526,0.068421053,0.039473684,0.002631579,0.028947368,0.081578947,0.023684211,0.021052632,0.086842105,0.010526316,0.089473684
1,0.098671727,0.055028463,0.043643264,0.019924099,0.018026565,0.006641366,0.009487666,0.090132827,0.132827324,0.068311195,0.065464896,0.05597723,0.0056926,0.016129032,0.067362429,0.068311195,0.033206831,0.072106262,0.022770398,0.05028463
1,0.071823204,0.08839779,0.055248619,0.027624309,0.046961326,0.013812155,0.035911602,0.080110497,0.107734807,0.044198895,0.052486188,0.038674033,0.013812155,0.024861878,0.038674033,0.052486188,0.038674033,0.052486188,0.046961326,0.069060773
1,0.107883817,0.089211618,0.074688797,0.018672199,0.043568465,0.008298755,0.026970954,0.070539419,0.049792531,0.026970954,0.053941909,0.041493776,0.010373444,0.026970954,0.074688797,0.056016598,0.041493776,0.082987552,0.03526971,0.060165975
1,0.067605634,0.095774648,0.076056338,0.025352113,0.036619718,0.005633803,0.014084507,0.047887324,0.107042254,0.028169014,0.03943662,0.033802817,0.008450704,0.022535211,0.030985915,0.123943662,0.028169014,0.098591549,0.042253521,0.067605634
1,0.050343249,0.118993135,0.054919908,0.020594966,0.044622426,0.017162471,0.036613272,0.04805492,0.053775744,0.036613272,0.054919908,0.046910755,0.018306636,0.026315789,0.044622426,0.091533181,0.036613272,0.102974828,0.050343249,0.04576659
1,0.057591623,0.129581152,0.083769634,0.006544503,0.039267016,0.001308901,0.02486911,0.045811518,0.060209424,0.041884817,0.082460733,0.044502618,0.018324607,0.028795812,0.023560209,0.090314136,0.030104712,0.078534031,0.069371728,0.043193717
1,0.058282209,0.107361963,0.073619632,0.036809816,0.042944785,0.006134969,0.027607362,0.061349693,0.070552147,0.04601227,0.052147239,0.018404908,0.012269939,0.024539877,0.030674847,0.098159509,0.049079755,0.076687117,0.052147239,0.055214724
1,0.054298643,0.119909502,0.076923077,0.015837104,0.054298643,0,0.038461538,0.06561086,0.058823529,0.020361991,0.070135747,0.029411765,0.018099548,0.024886878,0.042986425,0.074660633,0.049773756,0.088235294,0.042986425,0.054298643
1,0.043424318,0.091811414,0.075682382,0.022332506,0.049627792,0.021091811,0.043424318,0.047146402,0.078163772,0.045905707,0.045905707,0.042183623,0.014888337,0.02853598,0.038461538,0.089330025,0.037220844,0.08560794,0.058312655,0.040942928
1,0.065857886,0.102253033,0.065857886,0.022530329,0.058925477,0.003466205,0.022530329,0.065857886,0.064124783,0.043327556,0.046793761,0.032928943,0.013864818,0.024263432,0.057192374,0.090121317,0.027729636,0.095320624,0.03812825,0.058925477
1,0.080519481,0.07012987,0.064935065,0.015584416,0.041558442,0.002597403,0.044155844,0.080519481,0.077922078,0.041558442,0.072727273,0.057142857,0.015584416,0.023376623,0.033766234,0.083116883,0.033766234,0.072727273,0.031168831,0.057142857
1,0.072186837,0.129511677,0.033970276,0.014861996,0.027600849,0.004246285,0.016985138,0.106157113,0.178343949,0.053078556,0.042462845,0.038216561,0.004246285,0.033970276,0.089171975,0.014861996,0.031847134,0.048832272,0.016985138,0.042462845
1,0.068848758,0.090293454,0.068848758,0.022573363,0.041760722,0.011286682,0.021444695,0.097065463,0.072234763,0.020316027,0.069977427,0.050790068,0.007900677,0.030474041,0.060948081,0.057562077,0.030474041,0.065462754,0.039503386,0.072234763
1,0.098404255,0.058510638,0.07712766,0.037234043,0.037234043,0.010638298,0.015957447,0.127659574,0.079787234,0.053191489,0.037234043,0.066489362,0.026595745,0.02393617,0.037234043,0.04787234,0.029255319,0.058510638,0.029255319,0.04787234
1,0.033860045,0.090293454,0.081264108,0.031602709,0.040632054,0.013544018,0.038374718,0.090293454,0.088036117,0.051918736,0.045146727,0.036117381,0.004514673,0.031602709,0.079006772,0.038374718,0.038374718,0.065462754,0.036117381,0.065462754
1,0.078616352,0.106918239,0.037735849,0.01572327,0.053459119,0.025157233,0.050314465,0.06918239,0.091194969,0.044025157,0.031446541,0.062893082,0.006289308,0.022012579,0.053459119,0.034591195,0.050314465,0.075471698,0.037735849,0.053459119
1,0.08839779,0.135359116,0.046961326,0.022099448,0.027624309,0.005524862,0.024861878,0.096685083,0.113259669,0.041436464,0.049723757,0.052486188,0.016574586,0.019337017,0.055248619,0.035911602,0.03038674,0.060773481,0.024861878,0.052486188
1,0.072463768,0.028985507,0.057971014,0.028985507,0.101449275,0.014492754,0,0.115942029,0.043478261,0.014492754,0.072463768,0.057971014,0,0.014492754,0.028985507,0.086956522,0.115942029,0.057971014,0.028985507,0.057971014
1,0.047021944,0.094043887,0.106583072,0.018808777,0.040752351,0.003134796,0.043887147,0.084639498,0.059561129,0.02507837,0.053291536,0.059561129,0.012539185,0.02507837,0.02507837,0.119122257,0.012539185,0.05015674,0.081504702,0.037617555
1,0.060240964,0.102409639,0.048192771,0.022088353,0.032128514,0.012048193,0.016064257,0.088353414,0.134538153,0.06626506,0.042168675,0.072289157,0.010040161,0.034136546,0.080321285,0.008032129,0.03815261,0.044176707,0.014056225,0.074297189
1,0.04822335,0.111675127,0.053299492,0.038071066,0.038071066,0.007614213,0.020304569,0.098984772,0.11928934,0.043147208,0.038071066,0.065989848,0.012690355,0.017766497,0.065989848,0.038071066,0.030456853,0.07106599,0.027918782,0.053299492
1,0.109489051,0.074817518,0.058394161,0.040145985,0.012773723,0,0.012773723,0.105839416,0.131386861,0.025547445,0.032846715,0.054744526,0.005474453,0.005474453,0.047445255,0.072992701,0.032846715,0.078467153,0.034671533,0.062043796
1,0.093023256,0.109634551,0.063122924,0.026578073,0.013289037,0.006644518,0.033222591,0.063122924,0.106312292,0.029900332,0.059800664,0.049833887,0.013289037,0.03986711,0.029900332,0.059800664,0.03986711,0.059800664,0.03986711,0.063122924
1,0.050373134,0.11380597,0.029850746,0.018656716,0.039179104,0.024253731,0.039179104,0.089552239,0.108208955,0.067164179,0.044776119,0.050373134,0.001865672,0.027985075,0.080223881,0.029850746,0.024253731,0.083955224,0.020522388,0.055970149
1,0.075581395,0.104651163,0.066860465,0.037790698,0.040697674,0,0.011627907,0.072674419,0.081395349,0.037790698,0.058139535,0.063953488,0.005813953,0.029069767,0.066860465,0.055232558,0.029069767,0.075581395,0.031976744,0.055232558
1,0.081632653,0.107142857,0.051020408,0.015306122,0.038265306,0.017857143,0.025510204,0.107142857,0.068877551,0.058673469,0.06122449,0.033163265,0.00255102,0.025510204,0.084183673,0.025510204,0.058673469,0.033163265,0.015306122,0.089285714
1,0.069230769,0.134615385,0.030769231,0.019230769,0.026923077,0.011538462,0.030769231,0.076923077,0.115384615,0.053846154,0.026923077,0.053846154,0.019230769,0.026923077,0.092307692,0.015384615,0.046153846,0.073076923,0.007692308,0.069230769
1,0.07518797,0.140350877,0.030075188,0.010025063,0.030075188,0.015037594,0.022556391,0.090225564,0.13283208,0.045112782,0.050125313,0.032581454,0.015037594,0.030075188,0.080200501,0.022556391,0.037593985,0.055137845,0.01754386,0.067669173
1,0.080645161,0.10483871,0.072580645,0.048387097,0.048387097,0.008064516,0.008064516,0.064516129,0.088709677,0.032258065,0.016129032,0.072580645,0,0.016129032,0.064516129,0.064516129,0.024193548,0.056451613,0.048387097,0.080645161
1,0.083969466,0.106870229,0.034351145,0.026717557,0.026717557,0.007633588,0.015267176,0.061068702,0.080152672,0.015267176,0.064885496,0.034351145,0.003816794,0.034351145,0.072519084,0.038167939,0.08778626,0.091603053,0.026717557,0.08778626
1,0.045652174,0.115217391,0.063043478,0.019565217,0.043478261,0.006521739,0.039130435,0.065217391,0.065217391,0.043478261,0.065217391,0.047826087,0.017391304,0.02826087,0.093478261,0.015217391,0.056521739,0.054347826,0.030434783,0.084782609
1,0.070175439,0.105263158,0.052631579,0.029239766,0.058479532,0.01754386,0.023391813,0.128654971,0.064327485,0.046783626,0.046783626,0.046783626,0.01754386,0.023391813,0.058479532,0.040935673,0.029239766,0.046783626,0.035087719,0.058479532
1,0.082039911,0.106430155,0.046563193,0.015521064,0.053215078,0.006651885,0.022172949,0.099778271,0.10864745,0.033259424,0.039911308,0.055432373,0.00886918,0.024390244,0.070953437,0.044345898,0.026607539,0.068736142,0.024390244,0.062084257
1,0.06557377,0.154098361,0.029508197,0.013114754,0.029508197,0.003278689,0.016393443,0.06557377,0.095081967,0.075409836,0.045901639,0.039344262,0.019672131,0.036065574,0.114754098,0.029508197,0.036065574,0.049180328,0.013114754,0.068852459
1,0.07761194,0.105970149,0.056716418,0.017910448,0.034328358,0.001492537,0.03880597,0.055223881,0.079104478,0.047761194,0.056716418,0.049253731,0.001492537,0.01641791,0.092537313,0.040298507,0.040298507,0.089552239,0.026865672,0.071641791
1,0.062295082,0.114754098,0.042622951,0.036065574,0.042622951,0.009836066,0.019672131,0.072131148,0.114754098,0.039344262,0.059016393,0.029508197,0.013114754,0.039344262,0.078688525,0.026229508,0.036065574,0.075409836,0.02295082,0.06557377
1,0.05859375,0.125,0.041015625,0.0078125,0.029296875,0.017578125,0.037109375,0.078125,0.11328125,0.048828125,0.0625,0.03515625,0.009765625,0.044921875,0.0859375,0.033203125,0.041015625,0.064453125,0.017578125,0.048828125
1,0.083815029,0.083815029,0.075144509,0.023121387,0.020231214,0.002890173,0.023121387,0.10982659,0.10982659,0.031791908,0.049132948,0.043352601,0.005780347,0.00867052,0.046242775,0.069364162,0.046242775,0.072254335,0.034682081,0.060693642
1,0.074733096,0.099644128,0.060498221,0.03202847,0.06405694,0,0.014234875,0.071174377,0.09252669,0.049822064,0.042704626,0.03202847,0.021352313,0.021352313,0.046263345,0.067615658,0.053380783,0.071174377,0.03202847,0.053380783
1,0.064864865,0.081081081,0.059459459,0.037837838,0.016216216,0,0.016216216,0.048648649,0.135135135,0.027027027,0.043243243,0.07027027,0,0.010810811,0.075675676,0.081081081,0.043243243,0.102702703,0.021621622,0.064864865
1,0.090909091,0.055944056,0.062937063,0.027972028,0.055944056,0,0.013986014,0.062937063,0.146853147,0.027972028,0.062937063,0.041958042,0.006993007,0.013986014,0.06993007,0.062937063,0.020979021,0.097902098,0.020979021,0.055944056
1,0.079625293,0.086651054,0.042154567,0.039812646,0.056206089,0.00234192,0.028103044,0.119437939,0.107728337,0.053864169,0.058548009,0.056206089,0.011709602,0.028103044,0.044496487,0.035128806,0.021077283,0.056206089,0.021077283,0.051522248
1,0.060810811,0.148648649,0.023648649,0.02027027,0.050675676,0.02027027,0.013513514,0.070945946,0.141891892,0.047297297,0.057432432,0.054054054,0.013513514,0.037162162,0.091216216,0.006756757,0.030405405,0.067567568,0.010135135,0.033783784
1,0.049438202,0.134831461,0.049438202,0.024719101,0.026966292,0.002247191,0.020224719,0.069662921,0.105617978,0.051685393,0.038202247,0.038202247,0.008988764,0.011235955,0.098876404,0.042696629,0.049438202,0.087640449,0.024719101,0.065168539
1,0.126865672,0.097014925,0.029850746,0.044776119,0.037313433,0,0.02238806,0.067164179,0.082089552,0.007462687,0.029850746,0.029850746,0.007462687,0.052238806,0.067164179,0.067164179,0.029850746,0.111940299,0.02238806,0.067164179
1,0.081339713,0.100478469,0.04784689,0.026315789,0.035885167,0.016746411,0.026315789,0.086124402,0.064593301,0.052631579,0.059808612,0.062200957,0.016746411,0.0215311,0.064593301,0.045454545,0.0215311,0.076555024,0.035885167,0.057416268
1,0.05952381,0.089285714,0.050595238,0.041666667,0.038690476,0.008928571,0.035714286,0.053571429,0.095238095,0.038690476,0.044642857,0.056547619,0.008928571,0.038690476,0.050595238,0.068452381,0.032738095,0.083333333,0.050595238,0.053571429
1,0.080645161,0.077419355,0.077419355,0.022580645,0.022580645,0.009677419,0.022580645,0.103225806,0.129032258,0.064516129,0.032258065,0.041935484,0.006451613,0.006451613,0.05483871,0.058064516,0.035483871,0.077419355,0.022580645,0.05483871
1,0.082969432,0.109170306,0.069868996,0.030567686,0.017467249,0.008733624,0.030567686,0.082969432,0.069868996,0.048034934,0.026200873,0.065502183,0.004366812,0.017467249,0.082969432,0.043668122,0.034934498,0.091703057,0.017467249,0.065502183
1,0.082644628,0.095041322,0.08677686,0.02892562,0.012396694,0.004132231,0.020661157,0.045454545,0.095041322,0.012396694,0.05785124,0.024793388,0.008264463,0.024793388,0.099173554,0.033057851,0.053719008,0.095041322,0.041322314,0.078512397
1,0.107317073,0.107317073,0.043902439,0.034146341,0.03902439,0.004878049,0.004878049,0.087804878,0.165853659,0.073170732,0.03902439,0.03902439,0.019512195,0.004878049,0.029268293,0.063414634,0.019512195,0.048780488,0.024390244,0.043902439
1,0.082417582,0.08974359,0.065934066,0.027472527,0.02014652,0.02014652,0.025641026,0.082417582,0.091575092,0.049450549,0.086080586,0.049450549,0.014652015,0.032967033,0.047619048,0.042124542,0.018315018,0.058608059,0.04029304,0.054945055
1,0.062686567,0.08358209,0.028358209,0.019402985,0.020895522,0.028358209,0.02238806,0.074626866,0.135820896,0.03880597,0.07761194,0.065671642,0.013432836,0.037313433,0.06119403,0.028358209,0.026865672,0.071641791,0.023880597,0.079104478
1,0.071691176,0.102941176,0.055147059,0.018382353,0.036764706,0.009191176,0.033088235,0.091911765,0.112132353,0.033088235,0.047794118,0.064338235,0.020220588,0.023897059,0.025735294,0.075367647,0.023897059,0.049632353,0.040441176,0.064338235
1,0.051546392,0.103092784,0.056701031,0.036082474,0.054123711,0.012886598,0.015463918,0.072164948,0.056701031,0.043814433,0.043814433,0.056701031,0.005154639,0.015463918,0.036082474,0.072164948,0.048969072,0.067010309,0.085051546,0.067010309
1,0.072351421,0.129198966,0.054263566,0.023255814,0.023255814,0.005167959,0.025839793,0.043927649,0.098191214,0.046511628,0.056847545,0.043927649,0.012919897,0.036175711,0.051679587,0.041343669,0.074935401,0.064599483,0.054263566,0.041343669
1,0.049844237,0.118380062,0.059190031,0.015576324,0.043613707,0.00623053,0.037383178,0.068535826,0.062305296,0.043613707,0.07165109,0.024922118,0.024922118,0.043613707,0.07788162,0.046728972,0.031152648,0.07788162,0.052959502,0.043613707
1,0.084337349,0.087349398,0.090361446,0.018072289,0.03313253,0.009036145,0.030120482,0.075301205,0.069277108,0.024096386,0.063253012,0.069277108,0.009036145,0.012048193,0.030120482,0.108433735,0.012048193,0.048192771,0.063253012,0.063253012
1,0.065822785,0.13164557,0.027848101,0.02278481,0.035443038,0.015189873,0.025316456,0.086075949,0.141772152,0.043037975,0.06835443,0.048101266,0.010126582,0.037974684,0.060759494,0.017721519,0.040506329,0.043037975,0.020253165,0.058227848
1,0.075709779,0.126182965,0.052050473,0.029968454,0.039432177,0.003154574,0.017350158,0.094637224,0.072555205,0.042586751,0.048895899,0.059936909,0.009463722,0.029968454,0.077287066,0.044164038,0.029968454,0.086750789,0.011041009,0.048895899
1,0.114754098,0.081967213,0.040983607,0.024590164,0.049180328,0.016393443,0.008196721,0.114754098,0.106557377,0.040983607,0.032786885,0.073770492,0,0.016393443,0.073770492,0.040983607,0.016393443,0.06557377,0.049180328,0.032786885
1,0.083700441,0.105726872,0.039647577,0.030837004,0.022026432,0.008810573,0.017621145,0.057268722,0.083700441,0.017621145,0.066079295,0.030837004,0,0.030837004,0.074889868,0.035242291,0.092511013,0.088105727,0.026431718,0.088105727
1,0.081841432,0.094629156,0.066496164,0.015345269,0.038363171,0.017902813,0.025575448,0.104859335,0.079283887,0.05370844,0.04859335,0.046035806,0.002557545,0.028132992,0.074168798,0.020460358,0.056265985,0.05370844,0.023017903,0.069053708
1,0.058125741,0.1257414,0.043890866,0.016607355,0.045077106,0.017793594,0.045077106,0.0628707,0.06405694,0.036773428,0.067615658,0.03084223,0.017793594,0.039145907,0.06405694,0.037959668,0.059311981,0.059311981,0.043890866,0.06405694
1,0.095846645,0.092651757,0.067092652,0.022364217,0.03514377,0.009584665,0.025559105,0.067092652,0.118210863,0.047923323,0.028753994,0.057507987,0.006389776,0.012779553,0.038338658,0.067092652,0.038338658,0.057507987,0.041533546,0.07028754
1,0.104477612,0.076492537,0.054104478,0.02238806,0.02238806,0.001865672,0.009328358,0.087686567,0.108208955,0.048507463,0.069029851,0.054104478,0,0.007462687,0.046641791,0.054104478,0.065298507,0.072761194,0.037313433,0.057835821
1,0.059838895,0.107019563,0.047180667,0.02301496,0.046029919,0.014959724,0.035673188,0.043728423,0.100115075,0.042577675,0.047180667,0.057537399,0.009205984,0.025316456,0.060989643,0.04027618,0.048331415,0.069044879,0.050632911,0.071346375
1,0.09921671,0.075718016,0.057441253,0.041775457,0.033942559,0,0.007832898,0.109660574,0.122715405,0.039164491,0.031331593,0.062663185,0,0.007832898,0.046997389,0.044386423,0.036553525,0.067885117,0.041775457,0.07310705
2,0.067307692,0.115384615,0.048076923,0.048076923,0.009615385,0.019230769,0,0.086538462,0.163461538,0.086538462,0.038461538,0.028846154,0.019230769,0.019230769,0,0.096153846,0.028846154,0.067307692,0.028846154,0.028846154
2,0.046875,0.109375,0.03125,0.03125,0.03125,0,0.015625,0.0234375,0.1640625,0.03125,0.0625,0.0390625,0,0.015625,0.0390625,0.109375,0.046875,0.0625,0.046875,0.09375
2,0.049180328,0.057377049,0.040983607,0.032786885,0.024590164,0.024590164,0.008196721,0.073770492,0.204918033,0.057377049,0.049180328,0.049180328,0.032786885,0.008196721,0.040983607,0.06557377,0.040983607,0.032786885,0.049180328,0.057377049
2,0.093959732,0.080536913,0.026845638,0.053691275,0.026845638,0.013422819,0.026845638,0.080536913,0.134228188,0.020134228,0.060402685,0.067114094,0.020134228,0.033557047,0.006711409,0.093959732,0.033557047,0.040268456,0.033557047,0.053691275
2,0.057803468,0.10982659,0.028901734,0.028901734,0.034682081,0.005780347,0.011560694,0.132947977,0.104046243,0.052023121,0.040462428,0.069364162,0.011560694,0.063583815,0.011560694,0.069364162,0.034682081,0.028901734,0.046242775,0.057803468
2,0.106321839,0.074712644,0.037356322,0.022988506,0.031609195,0.002873563,0.034482759,0.086206897,0.109195402,0.037356322,0.048850575,0.100574713,0.005747126,0.00862069,0.022988506,0.068965517,0.037356322,0.020114943,0.066091954,0.077586207
2,0.053846154,0.088461538,0.057692308,0.015384615,0.053846154,0.003846154,0.030769231,0.080769231,0.115384615,0.034615385,0.057692308,0.053846154,0.007692308,0.003846154,0.034615385,0.096153846,0.046153846,0.065384615,0.030769231,0.069230769
2,0.082066869,0.069908815,0.051671733,0.039513678,0.039513678,0.015197568,0.018237082,0.09118541,0.11550152,0.045592705,0.048632219,0.051671733,0.003039514,0.012158055,0.024316109,0.097264438,0.036474164,0.063829787,0.030395137,0.063829787
2,0.10472973,0.094594595,0.047297297,0.023648649,0.023648649,0,0.010135135,0.081081081,0.152027027,0.030405405,0.037162162,0.050675676,0,0.010135135,0.02027027,0.094594595,0.057432432,0.033783784,0.054054054,0.074324324
2,0.051162791,0.089922481,0.037209302,0.035658915,0.026356589,0.031007752,0.04496124,0.055813953,0.114728682,0.043410853,0.057364341,0.058914729,0.004651163,0.004651163,0.075968992,0.043410853,0.066666667,0.060465116,0.048062016,0.049612403
2,0.086614173,0.086614173,0.044619423,0.01312336,0.041994751,0.005249344,0.041994751,0.091863517,0.062992126,0.047244094,0.062992126,0.073490814,0,0.015748031,0.023622047,0.070866142,0.062992126,0.026246719,0.089238845,0.052493438
2,0.078034682,0.072254335,0.049132948,0.00867052,0.040462428,0.023121387,0.034682081,0.098265896,0.115606936,0.043352601,0.063583815,0.072254335,0,0.002890173,0.014450867,0.092485549,0.040462428,0.043352601,0.049132948,0.057803468
2,0.081031308,0.086556169,0.049723757,0.007366483,0.02946593,0.023941068,0.051565378,0.042357274,0.08839779,0.057090239,0.057090239,0.060773481,0.003683241,0.020257827,0.031307551,0.082872928,0.033149171,0.053406998,0.068139963,0.071823204
2,0.061465721,0.079196217,0.037825059,0.026004728,0.036643026,0.03427896,0.041371158,0.075650118,0.09929078,0.054373522,0.052009456,0.070921986,0.001182033,0.01536643,0.043735225,0.052009456,0.060283688,0.042553191,0.055555556,0.060283688
2,0.072727273,0.08,0.050909091,0.029090909,0.034545455,0.012727273,0.038181818,0.090909091,0.087272727,0.047272727,0.038181818,0.052727273,0.003636364,0.018181818,0.036363636,0.074545455,0.050909091,0.063636364,0.049090909,0.069090909
2,0.080370943,0.072642968,0.055641422,0.024729521,0.034003091,0.010819165,0.044822257,0.069551777,0.112828439,0.047913447,0.049459042,0.051004637,0.00309119,0.017001546,0.027820711,0.077279753,0.032457496,0.041731066,0.063369397,0.083462133
2,0.061452514,0.081005587,0.047486034,0.041899441,0.039106145,0.011173184,0.055865922,0.067039106,0.072625698,0.044692737,0.033519553,0.053072626,0.002793296,0.027932961,0.027932961,0.089385475,0.044692737,0.06424581,0.047486034,0.086592179
2,0.041284404,0.087155963,0.027522936,0.055045872,0.032110092,0.050458716,0.013761468,0.032110092,0.110091743,0.041284404,0.068807339,0.041284404,0.013761468,0.027522936,0.128440367,0.02293578,0.077981651,0.077981651,0.018348624,0.032110092
2,0.0456621,0.075342466,0.03196347,0.03196347,0.0456621,0.01826484,0.047945205,0.082191781,0.107305936,0.054794521,0.057077626,0.061643836,0.00456621,0.011415525,0.025114155,0.084474886,0.047945205,0.061643836,0.052511416,0.052511416
2,0.04805915,0.11090573,0.027726433,0.025878004,0.042513863,0.014787431,0.059149723,0.081330869,0.094269871,0.04805915,0.057301294,0.044362292,0,0.012939002,0.049907579,0.060998152,0.055452865,0.046210721,0.042513863,0.077634011
2,0.072249589,0.075533662,0.031198686,0.070607553,0.032840722,0.019704433,0.02955665,0.103448276,0.072249589,0.055829228,0.062397373,0.060755337,0.001642036,0.032840722,0.0591133,0.036124795,0.024630542,0.05090312,0.032840722,0.075533662
2,0.079365079,0.079365079,0.050793651,0.025396825,0.041269841,0.015873016,0.025396825,0.092063492,0.088888889,0.066666667,0.050793651,0.044444444,0.041269841,0.038095238,0.028571429,0.053968254,0.00952381,0.079365079,0.041269841,0.047619048
2,0.054867257,0.092035398,0.024778761,0.028318584,0.031858407,0.028318584,0.040707965,0.060176991,0.090265487,0.074336283,0.051327434,0.065486726,0.007079646,0.017699115,0.042477876,0.056637168,0.063716814,0.053097345,0.053097345,0.063716814
2,0.072580645,0.064516129,0.040322581,0.048387097,0.032258065,0.008064516,0.048387097,0.064516129,0.129032258,0.040322581,0.032258065,0.040322581,0.008064516,0.024193548,0.064516129,0.088709677,0.056451613,0.048387097,0.040322581,0.048387097
2,0.054744526,0.109489051,0.047445255,0.025547445,0.032846715,0.02189781,0.00729927,0.072992701,0.076642336,0.087591241,0.072992701,0.054744526,0.02189781,0.032846715,0.054744526,0.047445255,0.069343066,0.02919708,0.018248175,0.062043796
2,0.081911263,0.122866894,0.034129693,0.030716724,0.023890785,0.020477816,0.003412969,0.085324232,0.126279863,0.040955631,0.071672355,0.071672355,0.006825939,0.013651877,0.071672355,0.020477816,0.010238908,0.078498294,0.023890785,0.061433447
2,0.063636364,0.066666667,0.045454545,0.021212121,0.039393939,0.024242424,0.042424242,0.081818182,0.124242424,0.045454545,0.036363636,0.078787879,0.006060606,0.024242424,0.012121212,0.072727273,0.048484848,0.039393939,0.066666667,0.060606061
2,0.052631579,0.101214575,0.044534413,0.028340081,0.052631579,0.012145749,0.052631579,0.060728745,0.101214575,0.068825911,0.04048583,0.024291498,0.008097166,0.012145749,0.044534413,0.060728745,0.089068826,0.032388664,0.052631579,0.060728745
2,0.037735849,0.141509434,0.056603774,0.012578616,0.022012579,0.012578616,0.028301887,0.066037736,0.144654088,0.047169811,0.062893082,0.062893082,0,0.01572327,0.040880503,0.040880503,0.081761006,0.040880503,0.031446541,0.053459119
2,0.03125,0.052083333,0.052083333,0.020833333,0.03125,0.010416667,0.03125,0.0625,0.145833333,0.0625,0.041666667,0.041666667,0.020833333,0.010416667,0.020833333,0.166666667,0.020833333,0.072916667,0.052083333,0.052083333
2,0.061135371,0.080786026,0.06768559,0.041484716,0.03930131,0.006550218,0.030567686,0.069868996,0.089519651,0.028384279,0.080786026,0.061135371,0.015283843,0.006550218,0.03930131,0.054585153,0.07860262,0.024017467,0.058951965,0.065502183
2,0.062761506,0.083682008,0.079497908,0.020920502,0.029288703,0.008368201,0.041841004,0.054393305,0.066945607,0.071129707,0.079497908,0.054393305,0.008368201,0,0.058577406,0.071129707,0.046025105,0.071129707,0.054393305,0.037656904
2,0.051813472,0.134715026,0.031088083,0.025906736,0.020725389,0.005181347,0.025906736,0.103626943,0.098445596,0.046632124,0.088082902,0.056994819,0.025906736,0.025906736,0.088082902,0.025906736,0.015544041,0.051813472,0.025906736,0.051813472
2,0.068493151,0.058708415,0.029354207,0.009784736,0.019569472,0.02739726,0.035225049,0.11741683,0.090019569,0.050880626,0.197651663,0.062622309,0.045009785,0.001956947,0.033268102,0.01369863,0.037181996,0.017612524,0.056751468,0.02739726
2,0.048484848,0.084848485,0.057575758,0.042424242,0.048484848,0.033333333,0.033333333,0.072727273,0.078787879,0.081818182,0.075757576,0.048484848,0.033333333,0.015151515,0.042424242,0.045454545,0.03030303,0.036363636,0.054545455,0.036363636
2,0.080952381,0.09047619,0.057142857,0.038095238,0.038095238,0.019047619,0.019047619,0.080952381,0.071428571,0.071428571,0.047619048,0.033333333,0.00952381,0,0.09047619,0.042857143,0.061904762,0.057142857,0.028571429,0.061904762
2,0.070754717,0.122641509,0.028301887,0.033018868,0.033018868,0.004716981,0.014150943,0.080188679,0.08490566,0.037735849,0.056603774,0.04245283,0.009433962,0.018867925,0.061320755,0.066037736,0.075471698,0.056603774,0.047169811,0.056603774
2,0.058080808,0.080808081,0.058080808,0.025252525,0.045454545,0.02020202,0.032828283,0.073232323,0.136363636,0.055555556,0.042929293,0.050505051,0,0.007575758,0.017676768,0.103535354,0.022727273,0.055555556,0.055555556,0.058080808
2,0.075862069,0.075862069,0.048275862,0.029310345,0.031034483,0.006896552,0.036206897,0.096551724,0.112068966,0.060344828,0.065517241,0.056896552,0.001724138,0.013793103,0.027586207,0.067241379,0.034482759,0.048275862,0.046551724,0.065517241
2,0.05,0.15,0.025,0.016666667,0.016666667,0.025,0.008333333,0.083333333,0.108333333,0.041666667,0.083333333,0.075,0.025,0.016666667,0.058333333,0.058333333,0.041666667,0.033333333,0.016666667,0.066666667
2,0.092105263,0.052631579,0.046052632,0.052631579,0.039473684,0,0.019736842,0.105263158,0.164473684,0.059210526,0.019736842,0.052631579,0.006578947,0.019736842,0.006578947,0.098684211,0.013157895,0.052631579,0.052631579,0.046052632
2,0.068807339,0.084862385,0.055045872,0.02293578,0.03440367,0.016055046,0.036697248,0.098623853,0.064220183,0.038990826,0.080275229,0.052752294,0.004587156,0.018348624,0.064220183,0.020642202,0.059633028,0.050458716,0.068807339,0.059633028
2,0.07748184,0.092009685,0.033898305,0.02905569,0.031476998,0.014527845,0.03874092,0.060532688,0.092009685,0.05811138,0.065375303,0.055690073,0.014527845,0.016949153,0.026634383,0.065375303,0.072639225,0.053268765,0.043583535,0.05811138
2,0.093023256,0.072093023,0.034883721,0.01627907,0.041860465,0.018604651,0.030232558,0.102325581,0.1,0.065116279,0.090697674,0.048837209,0,0.011627907,0.046511628,0.03255814,0.069767442,0.023255814,0.046511628,0.055813953
2,0.075067024,0.061662198,0.058981233,0.026809651,0.045576408,0.002680965,0.029490617,0.101876676,0.136729223,0.040214477,0.034852547,0.056300268,0.00536193,0.010723861,0.029490617,0.08310992,0.040214477,0.061662198,0.034852547,0.064343164
2,0.058411215,0.086448598,0.072429907,0.037383178,0.023364486,0.011682243,0.011682243,0.060747664,0.112149533,0.03271028,0.063084112,0.039719626,0,0.018691589,0.058411215,0.053738318,0.079439252,0.051401869,0.063084112,0.065420561
2,0.048728814,0.091101695,0.044491525,0.016949153,0.014830508,0.006355932,0.025423729,0.097457627,0.141949153,0.042372881,0.055084746,0.088983051,0.01059322,0.021186441,0.029661017,0.055084746,0.055084746,0.050847458,0.046610169,0.05720339
2,0.099236641,0.053435115,0.045801527,0.045801527,0.038167939,0.007633588,0.030534351,0.06870229,0.160305344,0.053435115,0.038167939,0.076335878,0.022900763,0.038167939,0.022900763,0.06870229,0.007633588,0.06870229,0.015267176,0.038167939
2,0.056338028,0.079812207,0.049295775,0.014084507,0.046948357,0.011737089,0.028169014,0.068075117,0.145539906,0.061032864,0.042253521,0.075117371,0.007042254,0.023474178,0.058685446,0.018779343,0.044600939,0.072769953,0.021126761,0.075117371
2,0.098765432,0.092592593,0.037037037,0.030864198,0.024691358,0.018518519,0.049382716,0.055555556,0.086419753,0.055555556,0.043209877,0.061728395,0.012345679,0.00617284,0.030864198,0.098765432,0.037037037,0.074074074,0.030864198,0.055555556
2,0.051724138,0.08908046,0.045977011,0.031609195,0.025862069,0.025862069,0.060344828,0.066091954,0.103448276,0.060344828,0.051724138,0.054597701,0,0.005747126,0.022988506,0.086206897,0.020114943,0.060344828,0.07183908,0.066091954
2,0.053211009,0.051376147,0.036697248,0.023853211,0.025688073,0.00733945,0.009174312,0.080733945,0.121100917,0.060550459,0.04587156,0.051376147,0.058715596,0.056880734,0.047706422,0.099082569,0.034862385,0.047706422,0.025688073,0.062385321
2,0.106951872,0.032085561,0.037433155,0.037433155,0.053475936,0.016042781,0.042780749,0.106951872,0.106951872,0.07486631,0.026737968,0.128342246,0.005347594,0.026737968,0,0.085561497,0.016042781,0.021390374,0.026737968,0.048128342
2,0.092592593,0.076719577,0.031746032,0.031746032,0.034391534,0.010582011,0.034391534,0.097883598,0.121693122,0.063492063,0.015873016,0.084656085,0.002645503,0.044973545,0.037037037,0.044973545,0.026455026,0.058201058,0.037037037,0.052910053
2,0.044378698,0.088757396,0.032544379,0.023668639,0.045857988,0.036982249,0.036982249,0.087278107,0.091715976,0.047337278,0.057692308,0.068047337,0.00739645,0.028106509,0.039940828,0.047337278,0.062130178,0.036982249,0.035502959,0.081360947
2,0.098360656,0.098360656,0.029508197,0.019672131,0.029508197,0.003278689,0.02295082,0.072131148,0.114754098,0.075409836,0.08852459,0.091803279,0.003278689,0.003278689,0.019672131,0.068852459,0.049180328,0.029508197,0.036065574,0.045901639
2,0.087234043,0.09787234,0.04893617,0.029787234,0.034042553,0.027659574,0.021276596,0.091489362,0.063829787,0.082978723,0.070212766,0.046808511,0.004255319,0.012765957,0.070212766,0.014893617,0.055319149,0.040425532,0.046808511,0.053191489
2,0.062411348,0.065248227,0.04964539,0.021276596,0.04964539,0.012765957,0.060992908,0.083687943,0.072340426,0.036879433,0.070921986,0.068085106,0.002836879,0.011347518,0.022695035,0.103546099,0.035460993,0.04964539,0.053900709,0.066666667
2,0.129353234,0.054726368,0.034825871,0.024875622,0.009950249,0,0.009950249,0.059701493,0.119402985,0.004975124,0.104477612,0.094527363,0,0.014925373,0.019900498,0.109452736,0.039800995,0.049751244,0.034825871,0.084577114
2,0.032128514,0.092369478,0.048192771,0.020080321,0.036144578,0.008032129,0.040160643,0.072289157,0.140562249,0.048192771,0.068273092,0.0562249,0.012048193,0.016064257,0.036144578,0.068273092,0.060240964,0.048192771,0.040160643,0.0562249
2,0.048076923,0.139423077,0.033653846,0.033653846,0.052884615,0.028846154,0.024038462,0.048076923,0.105769231,0.067307692,0.052884615,0.028846154,0,0.019230769,0.052884615,0.038461538,0.081730769,0.033653846,0.052884615,0.057692308
2,0.063981043,0.085308057,0.052132701,0.021327014,0.045023697,0.021327014,0.035545024,0.085308057,0.125592417,0.030805687,0.049763033,0.071090047,0.004739336,0.004739336,0.028436019,0.056872038,0.047393365,0.056872038,0.04028436,0.073459716
2,0.041841004,0.058577406,0.054393305,0.027196653,0.039748954,0.020920502,0.023012552,0.056485356,0.119246862,0.054393305,0.037656904,0.054393305,0.020920502,0.037656904,0.043933054,0.083682008,0.054393305,0.069037657,0.039748954,0.062761506
2,0.072289157,0.084337349,0.018072289,0.060240964,0.012048193,0.012048193,0.006024096,0.024096386,0.090361446,0.024096386,0.102409639,0.054216867,0,0.042168675,0.078313253,0.030120482,0.120481928,0.090361446,0.048192771,0.030120482
2,0.070450098,0.072407045,0.039138943,0.02739726,0.048923679,0.023483366,0.04109589,0.064579256,0.068493151,0.062622309,0.064579256,0.066536204,0,0.01369863,0.050880626,0.072407045,0.039138943,0.050880626,0.048923679,0.074363992
2,0.07028754,0.102236422,0.044728435,0.051118211,0.031948882,0.006389776,0.028753994,0.038338658,0.130990415,0.051118211,0.073482428,0.076677316,0.003194888,0.022364217,0.047923323,0.067092652,0.031948882,0.025559105,0.057507987,0.038338658
2,0.105405405,0.083783784,0.059459459,0.037837838,0.021621622,0,0.005405405,0.105405405,0.113513514,0.054054054,0.064864865,0.078378378,0.005405405,0,0.043243243,0.035135135,0.054054054,0.037837838,0.051351351,0.043243243
2,0.073170732,0.091463415,0.027439024,0.021341463,0.012195122,0.006097561,0.051829268,0.091463415,0.06097561,0.067073171,0.045731707,0.057926829,0.051829268,0.033536585,0.036585366,0.070121951,0.033536585,0.051829268,0.06097561,0.054878049
2,0.093385214,0.081712062,0.038910506,0.011673152,0.042801556,0.015564202,0.027237354,0.070038911,0.163424125,0.038910506,0.062256809,0.054474708,0,0.011673152,0.027237354,0.085603113,0.031128405,0.046692607,0.035019455,0.062256809
2,0.078078078,0.099099099,0.033033033,0.039039039,0.039039039,0.009009009,0.027027027,0.072072072,0.135135135,0.045045045,0.039039039,0.06006006,0,0.018018018,0.018018018,0.072072072,0.039039039,0.096096096,0.036036036,0.045045045
2,0.041353383,0.060150376,0.045112782,0.018796992,0.030075188,0.030075188,0.045112782,0.078947368,0.12406015,0.045112782,0.030075188,0.052631579,0.030075188,0.022556391,0.067669173,0.045112782,0.082706767,0.037593985,0.060150376,0.052631579
2,0.078947368,0.116959064,0.043859649,0.029239766,0.029239766,0.020467836,0.032163743,0.073099415,0.105263158,0.055555556,0.067251462,0.029239766,0.005847953,0.020467836,0.058479532,0.043859649,0.073099415,0.043859649,0.029239766,0.043859649
2,0.065934066,0.112087912,0.081318681,0.015384615,0.030769231,0,0.004395604,0.112087912,0.107692308,0.043956044,0.083516484,0.043956044,0,0.002197802,0.035164835,0.059340659,0.054945055,0.046153846,0.048351648,0.052747253
2,0.068965517,0.068965517,0.034482759,0.014778325,0.054187192,0.02955665,0.014778325,0.0591133,0.088669951,0.034482759,0.093596059,0.073891626,0.004926108,0.014778325,0.02955665,0.068965517,0.088669951,0.019704433,0.054187192,0.083743842
2,0.080625752,0.068592058,0.030084236,0.027677497,0.049338147,0.022864019,0.038507822,0.070998797,0.103489771,0.061371841,0.038507822,0.055354994,0.013237064,0.02166065,0.060168472,0.072202166,0.027677497,0.051744886,0.048134777,0.057761733
2,0.084033613,0.100840336,0.046218487,0.042016807,0.016806723,0.004201681,0.037815126,0.084033613,0.092436975,0.042016807,0.042016807,0.06302521,0.016806723,0.029411765,0.029411765,0.079831933,0.050420168,0.029411765,0.033613445,0.075630252
2,0.062130178,0.094674556,0.038461538,0.017751479,0.047337278,0.020710059,0.032544379,0.071005917,0.103550296,0.044378698,0.053254438,0.059171598,0,0.014792899,0.035502959,0.079881657,0.056213018,0.053254438,0.062130178,0.053254438
2,0.094982079,0.089605735,0.059139785,0.02688172,0.03046595,0.005376344,0.03046595,0.082437276,0.077060932,0.051971326,0.086021505,0.050179211,0.003584229,0.010752688,0.046594982,0.050179211,0.051971326,0.046594982,0.059139785,0.046594982
2,0.066298343,0.121546961,0.033149171,0.044198895,0.049723757,0.005524862,0.016574586,0.027624309,0.08839779,0.038674033,0.127071823,0.044198895,0.005524862,0.049723757,0.049723757,0.027624309,0.082872928,0.049723757,0.027624309,0.044198895
2,0.083123426,0.050377834,0.040302267,0.017632242,0.0302267,0.027707809,0.040302267,0.062972292,0.073047859,0.050377834,0.083123426,0.085642317,0.010075567,0.020151134,0.032745592,0.085642317,0.047858942,0.040302267,0.080604534,0.037783375
2,0.069277108,0.102409639,0.042168675,0.015060241,0.054216867,0.021084337,0.030120482,0.045180723,0.087349398,0.048192771,0.057228916,0.081325301,0.006024096,0.021084337,0.018072289,0.081325301,0.063253012,0.048192771,0.051204819,0.057228916
2,0.062962963,0.081481481,0.037037037,0.014814815,0.033333333,0.003703704,0.025925926,0.074074074,0.144444444,0.048148148,0.059259259,0.048148148,0,0.003703704,0.018518519,0.137037037,0.033333333,0.074074074,0.025925926,0.074074074
2,0.084768212,0.068874172,0.054304636,0.022516556,0.033112583,0.022516556,0.035761589,0.078145695,0.080794702,0.066225166,0.042384106,0.079470199,0.001324503,0.029139073,0.034437086,0.064900662,0.030463576,0.054304636,0.042384106,0.074172185
2,0.01242236,0.068322981,0.043478261,0.074534161,0.037267081,0,0.00621118,0.031055901,0.155279503,0.049689441,0.01242236,0.068322981,0,0.037267081,0.055900621,0.111801242,0.068322981,0.068322981,0.043478261,0.055900621
2,0.072727273,0.103030303,0.06969697,0.015151515,0.024242424,0.009090909,0.027272727,0.081818182,0.127272727,0.081818182,0.033333333,0.060606061,0,0.018181818,0.048484848,0.051515152,0.027272727,0.054545455,0.036363636,0.054545455
2,0.067307692,0.096153846,0.028846154,0.028846154,0.019230769,0.028846154,0.019230769,0.086538462,0.173076923,0.067307692,0.038461538,0.038461538,0.019230769,0.009615385,0.009615385,0.086538462,0.057692308,0.048076923,0.028846154,0.048076923
2,0.079225352,0.077464789,0.052816901,0.021126761,0.026408451,0.019366197,0.035211268,0.079225352,0.082746479,0.063380282,0.063380282,0.059859155,0.003521127,0.029929577,0.040492958,0.075704225,0.040492958,0.047535211,0.035211268,0.066901408
2,0.088607595,0.120253165,0.012658228,0.015822785,0.034810127,0.018987342,0.012658228,0.085443038,0.10443038,0.053797468,0.060126582,0.060126582,0.009493671,0.015822785,0.085443038,0.022151899,0.063291139,0.056962025,0.015822785,0.063291139
2,0.030534351,0.160305344,0.030534351,0.030534351,0.015267176,0.022900763,0.015267176,0.114503817,0.106870229,0.045801527,0.091603053,0.053435115,0.030534351,0.007633588,0.076335878,0.015267176,0.045801527,0.053435115,0,0.053435115
2,0.078651685,0.060995185,0.025682183,0.016051364,0.043338684,0.038523274,0.033707865,0.11717496,0.085072231,0.057784912,0.062600321,0.065810594,0.004815409,0.025682183,0.041733547,0.064205457,0.027287319,0.036918138,0.040128411,0.073836276
2,0.073710074,0.110565111,0.017199017,0.017199017,0.049140049,0.029484029,0.029484029,0.081081081,0.073710074,0.073710074,0.051597052,0.036855037,0.014742015,0.017199017,0.12039312,0.027027027,0.036855037,0.036855037,0.022113022,0.081081081
2,0.084398977,0.084398977,0.040920716,0.025575448,0.012787724,0.010230179,0.025575448,0.089514066,0.120204604,0.043478261,0.076726343,0.061381074,0.002557545,0.007672634,0.081841432,0.023017903,0.097186701,0.043478261,0.017902813,0.051150895
2,0.058823529,0.112132353,0.022058824,0.016544118,0.045955882,0.040441176,0.022058824,0.077205882,0.086397059,0.071691176,0.060661765,0.027573529,0.003676471,0.038602941,0.102941176,0.020220588,0.03125,0.0625,0.022058824,0.077205882
2,0.08490566,0.06918239,0.050314465,0.029874214,0.040880503,0.014150943,0.02672956,0.086477987,0.072327044,0.047169811,0.053459119,0.055031447,0.017295597,0.033018868,0.059748428,0.061320755,0.018867925,0.058176101,0.040880503,0.080188679
2,0.04534005,0.120906801,0.032745592,0.01511335,0.032745592,0.012594458,0.04534005,0.090680101,0.123425693,0.073047859,0.047858942,0.050377834,0.005037783,0.01511335,0.068010076,0.037783375,0.062972292,0.037783375,0.022670025,0.060453401
2,0.063583815,0.101156069,0.023121387,0.014450867,0.052023121,0.00867052,0.020231214,0.078034682,0.106936416,0.078034682,0.072254335,0.046242775,0.011560694,0.023121387,0.034682081,0.060693642,0.063583815,0.046242775,0.037572254,0.057803468
2,0.074324324,0.121621622,0.027027027,0.047297297,0.040540541,0.006756757,0.013513514,0.074324324,0.074324324,0.033783784,0.087837838,0.067567568,0.02027027,0.027027027,0.013513514,0.081081081,0.040540541,0.027027027,0.047297297,0.074324324
2,0.052238806,0.108208955,0.048507463,0.026119403,0.044776119,0.014925373,0.029850746,0.052238806,0.104477612,0.052238806,0.052238806,0.044776119,0.01119403,0.026119403,0.078358209,0.041044776,0.063432836,0.063432836,0.02238806,0.063432836
2,0.073825503,0.053691275,0.026845638,0.013422819,0.040268456,0.013422819,0.006711409,0.127516779,0.147651007,0.073825503,0.040268456,0.087248322,0.026845638,0.006711409,0.053691275,0.040268456,0.040268456,0.040268456,0.060402685,0.026845638
2,0.030150754,0.08040201,0.025125628,0.055276382,0.040201005,0.005025126,0.040201005,0.085427136,0.135678392,0.045226131,0.065326633,0.055276382,0.020100503,0.025125628,0.030150754,0.065326633,0.050251256,0.075376884,0.020100503,0.050251256
2,0.059945504,0.089918256,0.019073569,0.029972752,0.035422343,0.024523161,0.032697548,0.068119891,0.125340599,0.04359673,0.076294278,0.04359673,0.010899183,0.016348774,0.073569482,0.057220708,0.038147139,0.0626703,0.035422343,0.057220708
2,0.06833713,0.072892938,0.056947608,0.041002278,0.022779043,0.006833713,0.043280182,0.082004556,0.109339408,0.050113895,0.072892938,0.047835991,0.011389522,0.018223235,0.061503417,0.043280182,0.038724374,0.036446469,0.054669704,0.061503417
2,0.084942085,0.069498069,0.057915058,0.054054054,0.027027027,0,0.015444015,0.065637066,0.127413127,0.061776062,0.061776062,0.069498069,0,0.003861004,0.054054054,0.042471042,0.030888031,0.05019305,0.081081081,0.042471042
2,0.022058824,0.051470588,0.051470588,0.036764706,0.044117647,0.014705882,0.022058824,0.088235294,0.154411765,0.029411765,0.066176471,0.080882353,0.014705882,0.007352941,0.007352941,0.125,0.022058824,0.044117647,0.066176471,0.051470588
2,0.093959732,0.067114094,0.060402685,0.033557047,0.013422819,0.006711409,0.033557047,0.040268456,0.127516779,0.033557047,0.033557047,0.080536913,0.013422819,0.006711409,0.033557047,0.10738255,0.060402685,0.033557047,0.046979866,0.073825503
2,0.08852459,0.137704918,0.052459016,0.02295082,0.032786885,0.02295082,0.019672131,0.075409836,0.068852459,0.062295082,0.081967213,0.032786885,0,0.013114754,0.081967213,0.02295082,0.072131148,0.039344262,0.026229508,0.045901639
2,0.053763441,0.069892473,0.032258065,0.016129032,0.032258065,0.016129032,0.032258065,0.11827957,0.053763441,0.059139785,0.075268817,0.053763441,0.075268817,0.016129032,0.059139785,0.064516129,0.021505376,0.037634409,0.048387097,0.064516129
2,0.045614035,0.075438596,0.029824561,0.036842105,0.015789474,0.029824561,0.033333333,0.080701754,0.080701754,0.047368421,0.042105263,0.071929825,0.031578947,0.035087719,0.052631579,0.078947368,0.022807018,0.084210526,0.050877193,0.054385965
2,0.025210084,0.176470588,0.016806723,0.025210084,0.016806723,0.025210084,0,0.092436975,0.134453782,0.109243697,0.033613445,0.042016807,0.025210084,0.033613445,0.084033613,0.008403361,0.033613445,0.050420168,0.008403361,0.058823529
2,0.049095607,0.095607235,0.018087855,0.020671835,0.046511628,0.007751938,0.028423773,0.082687339,0.144702842,0.064599483,0.033591731,0.054263566,0.012919897,0.020671835,0.07751938,0.031007752,0.036175711,0.067183463,0.033591731,0.074935401
2,0.070381232,0.082111437,0.052785924,0.008797654,0.04398827,0.017595308,0.032258065,0.093841642,0.108504399,0.04398827,0.052785924,0.076246334,0.011730205,0.002932551,0.035190616,0.055718475,0.032258065,0.04398827,0.073313783,0.061583578
2,0.064935065,0.090909091,0.032467532,0.038961039,0.025974026,0,0.025974026,0.045454545,0.123376623,0.097402597,0.051948052,0.064935065,0.025974026,0.032467532,0.084415584,0,0.051948052,0.058441558,0.038961039,0.045454545
2,0.066666667,0.075706215,0.037288136,0.02259887,0.04519774,0.021468927,0.036158192,0.083615819,0.099435028,0.050847458,0.055367232,0.04180791,0.006779661,0.018079096,0.051977401,0.068926554,0.054237288,0.049717514,0.036158192,0.077966102
2,0.090196078,0.082352941,0.041830065,0.035294118,0.032679739,0.010457516,0.033986928,0.081045752,0.095424837,0.050980392,0.069281046,0.05751634,0.00130719,0.013071895,0.045751634,0.062745098,0.037908497,0.050980392,0.039215686,0.067973856
2,0.038297872,0.042553191,0.012765957,0.025531915,0.059574468,0.008510638,0.025531915,0.089361702,0.106382979,0.055319149,0.055319149,0.042553191,0.038297872,0.042553191,0.025531915,0.153191489,0.038297872,0.072340426,0.012765957,0.055319149
2,0.024539877,0.098159509,0.030674847,0.006134969,0.030674847,0.012269939,0,0.110429448,0.171779141,0.079754601,0.061349693,0.036809816,0.098159509,0.018404908,0.09202454,0.012269939,0.024539877,0.055214724,0.006134969,0.030674847
2,0.072599532,0.105386417,0.046838407,0.011709602,0.046838407,0.014051522,0.025761124,0.077283372,0.091334895,0.051522248,0.051522248,0.049180328,0.004683841,0.039812646,0.084309133,0.035128806,0.049180328,0.067915691,0.018735363,0.056206089
3,0.075675676,0.059459459,0.037837838,0.021621622,0.043243243,0,0.016216216,0.064864865,0.172972973,0.043243243,0.086486486,0.12972973,0.010810811,0.010810811,0.016216216,0.048648649,0.032432432,0.021621622,0.059459459,0.048648649
3,0.067368421,0.090526316,0.050526316,0.016842105,0.023157895,0,0.014736842,0.077894737,0.122105263,0.016842105,0.090526316,0.111578947,0,0,0.027368421,0.082105263,0.037894737,0.035789474,0.058947368,0.073684211
3,0.061946903,0.088495575,0.044247788,0.03539823,0.008849558,0,0.008849558,0.10619469,0.159292035,0,0.088495575,0.088495575,0,0,0,0.097345133,0.061946903,0.026548673,0.079646018,0.044247788
3,0.043103448,0.038793103,0.017241379,0.004310345,0.021551724,0.017241379,0.025862069,0.051724138,0.202586207,0.056034483,0.090517241,0.056034483,0,0.012931034,0.004310345,0.025862069,0.168103448,0.038793103,0.073275862,0.051724138
3,0.075581395,0.11627907,0.069767442,0.029069767,0.040697674,0.01744186,0.040697674,0.075581395,0.058139535,0.040697674,0.098837209,0.069767442,0.011627907,0.029069767,0.005813953,0.075581395,0.023255814,0.040697674,0.040697674,0.040697674
3,0.06557377,0.032786885,0.032786885,0.024590164,0.086065574,0.004098361,0.028688525,0.06557377,0.032786885,0.036885246,0.102459016,0.06557377,0.004098361,0.012295082,0.090163934,0.069672131,0.016393443,0.06557377,0.086065574,0.077868852
3,0.058103976,0.064220183,0.051987768,0.01529052,0.03058104,0.018348624,0.058103976,0.073394495,0.036697248,0.03058104,0.097859327,0.076452599,0,0.021406728,0.024464832,0.094801223,0.048929664,0.036697248,0.103975535,0.058103976
3,0.056521739,0.055072464,0.044927536,0.01884058,0.026086957,0.010144928,0.034782609,0.075362319,0.072463768,0.047826087,0.072463768,0.07826087,0,0.036231884,0.037681159,0.08115942,0.069565217,0.046376812,0.075362319,0.060869565
3,0.096045198,0.056497175,0.056497175,0.02259887,0.039548023,0.011299435,0.04519774,0.062146893,0.050847458,0.033898305,0.039548023,0.056497175,0,0.016949153,0.039548023,0.129943503,0.056497175,0.056497175,0.079096045,0.050847458
3,0.087866109,0.025104603,0.112970711,0.012552301,0.046025105,0,0.037656904,0.092050209,0.066945607,0.037656904,0.054393305,0.050209205,0,0.012552301,0.012552301,0.09623431,0.041841004,0.054393305,0.09623431,0.062761506
3,0.085106383,0.042553191,0.072340426,0.017021277,0.046808511,0,0.038297872,0.09787234,0.063829787,0.029787234,0.076595745,0.068085106,0,0.034042553,0.008510638,0.106382979,0.021276596,0.068085106,0.085106383,0.038297872
3,0.085889571,0.098159509,0.049079755,0.012269939,0.061349693,0.006134969,0.055214724,0.055214724,0.036809816,0.049079755,0.079754601,0.079754601,0,0.012269939,0.012269939,0.128834356,0,0.09202454,0.036809816,0.049079755
3,0.068669528,0.034334764,0.030042918,0.017167382,0.025751073,0.021459227,0.0472103,0.098712446,0.158798283,0.021459227,0.115879828,0.08583691,0,0.030042918,0.012875536,0.025751073,0.068669528,0.017167382,0.08583691,0.034334764
3,0.076620825,0.05697446,0.043222004,0.013752456,0.035363458,0.00589391,0.049115914,0.070726916,0.084479371,0.023575639,0.062868369,0.066797642,0.001964637,0.019646365,0.015717092,0.106090373,0.039292731,0.064833006,0.068762279,0.094302554
3,0.042857143,0.142857143,0.057142857,0.028571429,0.042857143,0.014285714,0.014285714,0.071428571,0.092857143,0.1,0.014285714,0.028571429,0.028571429,0.021428571,0.078571429,0.028571429,0.035714286,0.085714286,0.021428571,0.05
3,0.057692308,0.073717949,0.051282051,0.019230769,0.032051282,0.016025641,0.044871795,0.08974359,0.121794872,0.057692308,0.044871795,0.086538462,0.022435897,0.03525641,0.076923077,0.012820513,0.025641026,0.044871795,0.009615385,0.076923077
3,0.116071429,0.107142857,0.075892857,0.022321429,0.017857143,0.008928571,0.026785714,0.071428571,0.049107143,0.044642857,0.044642857,0.049107143,0.008928571,0.017857143,0.080357143,0.075892857,0.004464286,0.098214286,0.040178571,0.040178571
3,0.082887701,0.088235294,0.072192513,0.029411765,0.026737968,0,0.021390374,0.106951872,0.096256684,0.042780749,0.056149733,0.064171123,0.005347594,0.021390374,0.061497326,0.061497326,0.029411765,0.064171123,0.016042781,0.053475936
3,0.055803571,0.095982143,0.035714286,0.015625,0.035714286,0.022321429,0.024553571,0.113839286,0.142857143,0.071428571,0.058035714,0.03125,0.004464286,0.017857143,0.064732143,0.026785714,0.0625,0.040178571,0.03125,0.049107143
3,0.051162791,0.093023256,0.093023256,0.027906977,0.060465116,0.004651163,0.03255814,0.041860465,0.055813953,0.046511628,0.074418605,0.046511628,0.009302326,0.018604651,0.013953488,0.08372093,0.013953488,0.069767442,0.102325581,0.060465116
3,0.138643068,0.073746313,0.050147493,0.02359882,0.026548673,0.008849558,0.017699115,0.08259587,0.097345133,0.044247788,0.03539823,0.04719764,0.020648968,0.038348083,0.041297935,0.05899705,0.041297935,0.07079646,0.03539823,0.04719764
3,0.046376812,0.086956522,0.057971014,0.011594203,0.049275362,0.008695652,0.07826087,0.104347826,0.046376812,0.031884058,0.092753623,0.084057971,0.002898551,0.023188406,0.011594203,0.07826087,0.034782609,0.020289855,0.086956522,0.043478261
3,0.059602649,0.079470199,0.066225166,0.01986755,0.052980132,0.01986755,0.059602649,0.105960265,0.072847682,0.046357616,0.059602649,0.052980132,0.026490066,0.006622517,0.01986755,0.059602649,0.046357616,0.079470199,0.039735099,0.026490066
3,0.081300813,0.097560976,0.024390244,0.026422764,0.028455285,0.010162602,0.022357724,0.069105691,0.150406504,0.071138211,0.034552846,0.056910569,0.008130081,0.026422764,0.075203252,0.046747967,0.040650407,0.042682927,0.020325203,0.067073171
3,0.076142132,0.098984772,0.040609137,0.020304569,0.017766497,0.002538071,0.02284264,0.104060914,0.144670051,0.045685279,0.043147208,0.060913706,0.002538071,0.017766497,0.058375635,0.055837563,0.038071066,0.058375635,0.030456853,0.060913706
3,0.041025641,0.092307692,0.058974359,0.015384615,0.023076923,0.025641026,0.043589744,0.084615385,0.130769231,0.043589744,0.056410256,0.056410256,0.002564103,0.007692308,0.066666667,0.046153846,0.069230769,0.035897436,0.017948718,0.082051282
3,0.071428571,0.078947368,0.052631579,0.033834586,0.052631579,0.003759398,0.082706767,0.033834586,0.026315789,0.026315789,0.060150376,0.052631579,0.007518797,0.022556391,0.022556391,0.127819549,0.030075188,0.045112782,0.078947368,0.090225564
3,0.057377049,0.06284153,0.057377049,0.008196721,0.043715847,0.013661202,0.040983607,0.081967213,0.103825137,0.030054645,0.114754098,0.090163934,0.005464481,0.008196721,0.043715847,0.06284153,0.030054645,0.016393443,0.054644809,0.073770492
3,0.060606061,0.051948052,0.038961039,0.03030303,0.047619048,0.03030303,0.034632035,0.064935065,0.069264069,0.047619048,0.064935065,0.038961039,0.034632035,0.021645022,0.077922078,0.038961039,0.082251082,0.073593074,0.064935065,0.025974026
3,0.062695925,0.059561129,0.059561129,0.028213166,0.031347962,0.02507837,0.043887147,0.07523511,0.043887147,0.031347962,0.078369906,0.097178683,0,0.012539185,0.034482759,0.090909091,0.031347962,0.034482759,0.078369906,0.081504702
3,0.081818182,0.063636364,0.045454545,0.012121212,0.03030303,0.012121212,0.063636364,0.063636364,0.051515152,0.042424242,0.078787879,0.048484848,0.006060606,0.027272727,0.015151515,0.124242424,0.03030303,0.045454545,0.078787879,0.078787879
3,0.062787136,0.059724349,0.035222052,0.010719755,0.027565084,0.016845329,0.032159265,0.10719755,0.119448698,0.052067381,0.101071975,0.101071975,0.012251149,0.015313936,0.049004594,0.030627871,0.030627871,0.02143951,0.055130168,0.059724349
3,0.04989605,0.054054054,0.043659044,0.012474012,0.047817048,0.018711019,0.04989605,0.112266112,0.095634096,0.022869023,0.091476091,0.089397089,0,0.024948025,0.024948025,0.031185031,0.047817048,0.031185031,0.074844075,0.076923077
3,0.072595281,0.056261343,0.032667877,0.014519056,0.038112523,0.041742287,0.036297641,0.128856624,0.092558984,0.045372051,0.085299456,0.030852995,0.010889292,0.021778584,0.056261343,0.021778584,0.050816697,0.02722323,0.059891107,0.076225045
3,0.054290718,0.056042032,0.043782837,0.019264448,0.033274956,0.028021016,0.043782837,0.084063047,0.105078809,0.04028021,0.12084063,0.101576182,0.017513135,0.014010508,0.033274956,0.026269702,0.03502627,0.019264448,0.087565674,0.036777583
3,0.07073955,0.118971061,0.038585209,0.01607717,0.032154341,0.006430868,0.035369775,0.106109325,0.090032154,0.051446945,0.122186495,0.051446945,0.006430868,0.022508039,0.035369775,0.032154341,0.041800643,0.035369775,0.048231511,0.038585209
3,0.053475936,0.056149733,0.07486631,0.016042781,0.029411765,0.018716578,0.045454545,0.093582888,0.106951872,0.029411765,0.069518717,0.069518717,0.010695187,0.013368984,0.032085561,0.072192513,0.021390374,0.032085561,0.088235294,0.06684492
3,0.064896755,0.088495575,0.038348083,0.020648968,0.053097345,0.005899705,0.053097345,0.056047198,0.103244838,0.050147493,0.085545723,0.061946903,0.005899705,0.01179941,0.029498525,0.061946903,0.029498525,0.02359882,0.103244838,0.053097345
3,0.058479532,0.080409357,0.020467836,0.005847953,0.01754386,0.019005848,0.019005848,0.108187135,0.143274854,0.070175439,0.078947368,0.05994152,0.029239766,0.029239766,0.084795322,0.029239766,0.042397661,0.029239766,0.019005848,0.055555556
3,0.051918736,0.051918736,0.027088036,0.033860045,0.045146727,0.031602709,0.042889391,0.106094808,0.112866817,0.0496614,0.074492099,0.072234763,0.013544018,0.022573363,0.0496614,0.033860045,0.038374718,0.036117381,0.063205418,0.042889391
3,0.095798319,0.038655462,0.063865546,0.023529412,0.021848739,0.01512605,0.043697479,0.094117647,0.099159664,0.048739496,0.070588235,0.063865546,0.008403361,0.020168067,0.048739496,0.043697479,0.031932773,0.031932773,0.068907563,0.067226891
3,0.063882064,0.072481572,0.049140049,0.013513514,0.040540541,0.022113022,0.047911548,0.077395577,0.081081081,0.024570025,0.092137592,0.081081081,0.012285012,0.024570025,0.024570025,0.029484029,0.057739558,0.071253071,0.06019656,0.054054054
3,0.065732759,0.072198276,0.078663793,0.010775862,0.036637931,0.003232759,0.023706897,0.090517241,0.059267241,0.011853448,0.074353448,0.078663793,0.003232759,0.010775862,0.03125,0.089439655,0.033405172,0.061422414,0.100215517,0.064655172
3,0.068493151,0.083561644,0.024657534,0.015068493,0.036986301,0.032876712,0.053424658,0.082191781,0.080821918,0.061643836,0.065753425,0.052054795,0.008219178,0.02739726,0.069863014,0.028767123,0.047945205,0.054794521,0.049315068,0.056164384
3,0.056367432,0.08559499,0.039665971,0.004175365,0.048016701,0.014613779,0.045929019,0.114822547,0.121085595,0.022964509,0.102296451,0.052192067,0,0.014613779,0.016701461,0.035490605,0.052192067,0.025052192,0.058455115,0.089770355
3,0.062138728,0.076589595,0.033236994,0.020231214,0.047687861,0.024566474,0.031791908,0.086705202,0.085260116,0.075144509,0.066473988,0.056358382,0.00433526,0.027456647,0.076589595,0.037572254,0.040462428,0.039017341,0.046242775,0.062138728
3,0.063492063,0.06547619,0.035714286,0.029761905,0.031746032,0.017857143,0.045634921,0.075396825,0.103174603,0.03968254,0.113095238,0.087301587,0.011904762,0.021825397,0.015873016,0.035714286,0.055555556,0.043650794,0.053571429,0.053571429
3,0.059369202,0.083487941,0.020408163,0.00742115,0.031539889,0.018552876,0.046382189,0.113172542,0.12987013,0.038961039,0.103896104,0.077922078,0.012987013,0.020408163,0.040816327,0.040816327,0.037105751,0.012987013,0.040816327,0.063079777
3,0.075247525,0.063366337,0.053465347,0.015841584,0.027722772,0.031683168,0.035643564,0.099009901,0.085148515,0.045544554,0.079207921,0.075247525,0,0.017821782,0.041584158,0.035643564,0.037623762,0.035643564,0.075247525,0.069306931
3,0.051764706,0.044705882,0.042352941,0.009411765,0.063529412,0.014117647,0.047058824,0.115294118,0.084705882,0.030588235,0.115294118,0.065882353,0.009411765,0.011764706,0.032941176,0.047058824,0.025882353,0.023529412,0.115294118,0.049411765
3,0.077419355,0.085630499,0.039882698,0.013489736,0.024046921,0.008797654,0.024046921,0.141348974,0.13372434,0.02228739,0.058651026,0.045747801,0,0.02111437,0.055718475,0.026392962,0.039882698,0.049853372,0.038709677,0.093255132
3,0.071661238,0.068403909,0.03257329,0.022801303,0.03257329,0.013029316,0.042345277,0.09771987,0.084690554,0.045602606,0.081433225,0.078175896,0.003257329,0.022801303,0.048859935,0.068403909,0.042345277,0.048859935,0.039087948,0.055374593
3,0.04784689,0.074162679,0.038277512,0.028708134,0.055023923,0.026315789,0.057416268,0.040669856,0.110047847,0.035885167,0.074162679,0.081339713,0.009569378,0.016746411,0.031100478,0.050239234,0.031100478,0.062200957,0.076555024,0.052631579
